,Name,RA_ICRS,DE_ICRS,TYPE,band_num,class,pred_class,Score_AGN,radio_detect,pred_radio,scaled_score_radio,scaled_score_rAGN,Z,pred_Z,Total_flux_VLASS,Fint_VLAS82,Stotal_TGSS,FEP,W1mproPM,W2mproPM,gmag,rmag,imag,zmag,ymag,FUVmag,NUVmag,Jmag,Hmag,Kmag,W3mag,W4mag
264397,J231833.98+005809.5 ,349.6416,0.9693282,CCCC,7,0.5,1,0.3859857,0,1,0.5829616413911936,0.2250148572255288,,6.21,15.21,17.86,11.18,57.9,19.76,19.81,23.3,23.2,23.1,21.31,21.4,20.0,21.0,17.45,17.24,16.59,16.67,14.62
362815,J010348.98-004755.3 ,15.95412,-0.798716,CCCC,7,0.5,1,0.5187483,0,1,0.5878679750217088,0.304955512666954,,6.21,15.21,17.86,11.18,57.9,19.852,19.81,23.3,23.2,23.1,21.4981,21.4,20.0,21.0,17.45,17.24,16.59,16.67,14.62
166030,J012701.54+000619.7 ,21.756475,0.1054916,CCCC,7,0.5,1,0.6498342,0,1,0.5990187332731693,0.3892628593215834,,6.21,15.21,17.86,11.18,57.9,19.667,19.705,23.3,23.2,23.1,21.5748,21.4,20.0,21.0,17.45,17.24,16.59,16.67,14.62
63730,J231614.11-011655.4 ,349.0588,-1.2820858,CCCC,7,0.5,1,0.5192501,0,1,0.5026761819799503,0.2610146577607074,,6.21,15.21,17.86,11.18,57.9,19.790998,19.81,23.3,23.2,23.1,21.4677,21.4,20.0,21.0,17.45,17.24,16.59,16.67,14.62
334960,J014627.45+000531.0 ,26.614408,0.091951,CCCC,4,0.5,1,0.372474,0,1,0.5802854594107885,0.21614124620857403,,5.8,15.21,17.86,11.18,57.9,19.658998,19.81,23.3,23.2,22.3874,21.3554,21.4,20.0,21.0,17.45,17.24,16.59,16.67,14.62
119957,J005058.65-002628.4 ,12.744381,-0.4412371,CCCC,10,0.5,1,0.3303391,0,1,0.5517395182869222,0.18226113590533544,,5.8,15.21,17.86,11.18,57.9,19.133999,19.53,23.3,22.1129,20.2935,19.4085,18.9268,20.0,21.0,17.45,17.24,16.59,16.67,14.62
246986,J225034.64-001459.0 ,342.6444,-0.2497512,CCCC,9,0.5,1,0.3434304,0,1,0.644959857269896,0.2214988217661433,,5.8,15.21,17.86,11.18,57.9,19.223,19.673,23.3,22.0526,20.0443,19.2438,18.6662,20.0,21.0,17.45,17.24,16.59,16.67,14.524
325275,J221842.28-004913.0 ,334.6762,-0.8202827,CCCC,8,0.5,1,0.3162492,0,1,0.5945584299729489,0.18802862783220112,,5.8,15.21,17.86,11.18,57.9,20.026,19.81,23.3,21.4115,23.1,21.212,21.4,20.0,21.0,17.45,17.24,16.59,16.573,14.62
208073,J222129.35+005647.8 ,335.3723,0.9466081,CCCC,9,0.5,1,0.3511272,0,1,0.6074933095446795,0.21330742479915657,,5.8,15.21,17.86,11.18,57.9,19.455,19.307001,23.3,23.2,21.6553,20.8325,20.656,20.0,21.0,17.45,17.24,16.59,16.67,14.62
363100,J231239.46+002512.7 ,348.16443,0.4202027,CCCC,9,0.5,1,0.3291209,0,1,0.5990187332731693,0.19714958461172544,,5.8,15.21,17.86,11.18,57.9,19.507,19.566,23.3,23.2,21.8958,21.0934,20.8015,20.0,21.0,17.45,17.24,16.59,16.67,14.62
363962,J222358.86+011115.1 ,335.99527,1.1875199,CCCC,9,0.5,1,0.3150376,0,1,0.5816235504012184,0.18323328742187886,,5.8,15.21,17.86,11.18,57.9,19.421999,19.517,23.3,23.2,21.7392,21.2114,20.6225,20.0,21.0,17.45,17.24,16.59,16.67,14.62
130829,J223132.18+003712.3 ,337.88412,0.6200732,CCCC,6,0.5,1,0.4968738,0,1,0.5860838537018935,0.2912097115075039,,5.8,15.21,17.86,11.18,57.9,18.897,19.299,23.3,21.0281,19.6432,18.8984,18.4889,20.0,21.0,17.45,17.24,16.59,16.67,14.62
98324,J015845.46-010402.7 ,29.689432,-1.067435,CCCC,6,0.5,1,0.3737264,0,1,0.4357716324707326,0.16285936342541,,5.8,15.21,17.86,11.18,57.9,19.025,19.404001,23.3,21.2947,19.7174,18.9766,18.6133,20.0,21.0,17.45,17.24,16.59,16.67,14.62
219663,J230910.20-010115.0 ,347.29254,-1.020865,CCCC,10,0.5,1,0.3301182,0,1,0.5869759143620286,0.193771432292547,,5.7,15.21,17.86,11.18,57.9,19.33,19.515001,23.3,21.5931,21.1553,20.6338,20.2512,20.0,21.0,17.45,17.24,16.59,16.67,14.62
228643,J230358.94+005716.9 ,345.9956,0.9547121,CCCC,10,0.5,1,0.7743751,0,1,0.7560214094555704,0.5854441545492982,,5.7,15.21,17.86,11.18,57.9,18.434,18.794,23.3,21.2172,19.6767,18.9916,18.5564,20.0,21.0,17.45,17.24,16.59,16.67,14.62
223010,J223810.99-000634.7 ,339.54584,-0.1096561,CCCC,11,0.5,1,0.3173623,0,1,0.5878679750217088,0.18656713264923205,,5.7,15.21,17.86,11.18,57.9,18.873,19.349,21.8855,20.5925,19.2559,18.629,18.3726,20.0,21.0,17.45,17.24,16.59,16.67,14.62
219099,J225039.29+001131.5 ,342.6638,0.19208,CCCC,14,0.5,1,0.4861895,0,1,0.6097234611952445,0.2964411447367853,,5.7,15.21,17.86,11.18,57.9,16.821,17.437,19.5077,18.2448,17.1773,16.6849,16.4253,20.0,21.0,16.083,15.859,16.166,16.469,14.62
225197,J012604.35-011113.8 ,21.518156,-1.1871825,CCCC,11,0.5,1,0.6165449,0,1,0.5981266726130343,0.3687719495535359,,5.7,15.21,17.86,11.18,57.9,18.945,19.273,23.1067,21.6202,20.159,19.2579,18.8626,20.0,21.0,17.45,17.24,16.59,16.67,14.62
225829,J020056.44-002414.1 ,30.235209,-0.4039271,CCCC,10,0.5,1,0.3690594,0,1,0.5981266726130343,0.22074427091856286,,5.7,15.21,17.86,11.18,57.9,19.003,19.392,23.3,21.5144,19.9151,19.2473,18.7989,20.0,21.0,17.45,17.24,16.59,16.67,14.62
226226,J021920.18-000631.1 ,34.834103,-0.1086556,CCCC,10,0.5,1,0.4114346,0,1,0.5093666369311904,0.20957105851912955,,5.7,15.21,17.86,11.18,57.9,19.251,19.642,23.3,21.1688,19.6655,18.9867,18.6874,20.0,21.0,17.45,17.24,16.59,16.67,14.62
228110,J225145.27-010103.7 ,342.93866,-1.017726,CCCC,10,0.5,1,0.3312571,0,1,0.43220338983019246,0.14317044152531905,,5.7,15.21,17.86,11.18,57.9,18.765,19.662,21.214,19.9715,18.9214,18.4349,18.1572,20.0,21.0,17.45,17.24,16.59,16.67,14.176001
235717,J224934.61+001153.5 ,342.39426,0.198205,CCCC,9,0.5,1,0.5426344,0,1,0.4388938447809778,0.23815889812641902,,5.7,15.21,17.86,11.18,57.9,19.535,19.81,23.3,21.7944,20.4553,19.6371,19.1911,20.0,21.0,17.45,17.24,16.59,16.67,14.196
230915,J014751.83-001519.8 ,26.965977,-0.25552,CCCC,10,0.5,1,0.498983,0,1,0.5838537020513286,0.2913330718106781,,5.7,15.21,17.86,11.18,57.9,19.078,19.442001,23.3,21.3594,19.8052,19.1047,18.7451,20.0,21.0,17.45,17.24,16.59,16.67,14.62
232649,J010114.37+005722.2 ,15.3099165,0.9561745,CCCC,6,0.5,1,0.6119207,1,1,0.5842997323816235,0.3575451012487757,,5.7,15.21,16.88455,11.18,57.9,18.849998,18.994,23.3,21.6496,20.1306,19.405,19.003,20.0,21.0,17.45,17.24,16.59,16.67,14.62
234440,J011643.68+001151.9 ,19.182037,0.1977344,CCCC,10,0.5,1,0.3216519,0,1,0.5856378233715986,0.1883715185993391,,5.7,15.21,17.86,11.18,57.9,19.078999,19.371,23.3,21.7001,20.5176,19.6447,19.1234,20.0,21.0,17.45,17.24,16.59,16.67,14.62
217815,J225127.55+005701.3 ,342.86484,0.9503581,CCCC,11,0.5,1,0.3445337,0,1,0.8434433541474391,0.29059465954482755,,5.7,15.21,17.86,11.18,57.9,18.824999,19.29,21.9884,20.7022,19.3551,18.7066,18.3934,20.0,21.0,17.45,17.24,16.59,16.67,14.62
239879,J020257.00+003947.4 ,30.737524,0.6631654,CCCC,6,0.5,1,0.5139047,0,1,0.5856378233715986,0.3009620299284344,,5.7,15.21,17.86,11.18,57.9,19.191,19.604,23.3,21.1376,19.7044,18.9943,18.6634,20.0,21.0,17.45,17.24,16.59,16.67,14.62
240664,J224009.21+004829.4 ,340.03842,0.8081797,CCCC,14,0.5,1,0.3685118,0,1,0.599464763603919,0.22090983907225467,,5.7,15.21,17.86,11.18,57.9,18.523,19.075,22.0624,20.4948,19.1172,18.4852,18.1455,20.0,21.0,17.45,17.24,16.59,16.67,14.62
241119,J223341.58+010700.1 ,338.42328,1.116699,CCCC,10,0.5,1,0.7096451,0,1,0.6025869759141642,0.42762289478130466,,5.7,15.21,17.86,11.18,57.9,18.831,18.989,23.3,21.5537,20.0598,19.2768,18.902,20.0,21.0,17.45,17.24,16.59,16.67,14.62
242007,J220502.69-010044.7 ,331.26123,-1.0124485,CCCC,11,0.5,1,0.3539531,0,1,0.600356824264054,0.21249815905441716,,5.7,15.21,17.86,11.18,57.9,18.696,19.154,21.8109,20.4859,19.1701,18.5757,18.2917,20.0,21.0,17.45,17.24,16.59,16.656,14.62
247212,J225117.51+000306.6 ,342.82303,0.0518315,CCCC,10,0.5,1,0.4799153,0,1,0.5347903657443567,0.25665407881331265,,5.7,15.21,17.86,11.18,57.9,19.163,19.544,23.3,21.3159,19.764,19.0021,18.6083,20.0,21.0,17.45,17.24,16.59,16.67,14.6050005
247225,J224006.64+003957.7 ,340.02768,0.6660187,CCCC,14,0.5,1,0.3424135,0,1,0.5892060660121388,0.20175211128444748,,5.7,15.21,17.86,11.18,57.9,16.309,16.977,18.8123,17.5626,16.5427,16.0731,15.8277,20.0,21.0,15.491,15.264,15.566,16.67,14.62
249956,J220822.84+005745.2 ,332.09518,0.9625482,CCCC,11,0.5,1,0.82847,0,1,0.5312221231038166,0.4401015923278189,,5.7,15.21,17.86,11.18,57.9,18.897,19.204,22.1328,20.8048,19.3173,18.6319,18.3626,20.0,21.0,17.45,17.24,16.59,16.67,14.62
258126,J231743.53-000553.1 ,349.43143,-0.0981077,CCCC,10,0.5,1,0.3580598,0,1,0.5789473684208133,0.2072977789472827,,5.7,15.21,17.86,11.18,57.9,19.078,19.472,23.3,21.6026,20.17,19.3044,18.8975,20.0,21.0,17.45,17.24,16.59,16.67,14.62
261282,J021059.18+004017.8 ,32.746628,0.6716018,CCCC,11,0.5,1,0.5736823,0,1,0.599464763603919,0.3439023243532525,,5.7,15.21,17.86,11.18,57.9,18.878,19.25,22.1476,20.9874,19.7212,19.1222,18.8245,20.0,21.0,17.45,17.24,16.59,16.67,14.62
261759,J221458.76+000324.1 ,333.74487,0.056708,CCCC,10,0.5,1,0.3398826,0,1,0.4393398751112727,0.14932397903649464,,5.7,15.21,17.86,11.18,57.9,19.448,19.81,23.3,21.5447,20.1269,19.4751,19.1686,20.0,21.0,17.45,17.24,16.59,16.67,14.62
217857,J021921.00+001130.0 ,34.83755,0.1916713,CCCC,10,0.5,1,0.5213871,0,1,0.9625334522743287,0.5018525253343007,,5.7,15.21,17.86,11.18,57.9,18.701,19.081,23.3,21.315,19.9926,19.3428,18.9664,20.0,21.0,17.45,17.24,16.59,16.67,14.62
1383,J231614.04-012034.2 ,349.05853,-1.3428489,CCCC,11,0.5,1,0.4680696,0,1,0.6074933095446795,0.2843491504012543,,5.7,15.21,17.86,11.18,57.9,18.810999,19.253,22.1142,20.9818,19.6413,19.0334,18.7139,20.0,21.0,17.45,17.24,16.59,16.67,14.62
216586,J231042.20-001537.6 ,347.67584,-0.2604654,CCCC,14,0.5,1,0.524825,0,1,0.644067796609761,0.3380228813557178,,5.7,15.21,17.86,11.18,57.9,16.965,17.544,19.5993,18.3462,17.2114,16.6962,16.4337,20.0,21.0,16.203001,16.094,16.255,16.67,14.62
212749,J222739.76+005654.6 ,336.9157,0.9485073,CCCC,14,0.5,1,0.576406,0,1,0.5856378233715986,0.3375651552183297,,5.7,15.21,17.86,11.18,57.9,17.271,17.807001,19.9419,18.6557,17.4931,16.9733,16.7006,20.0,21.0,16.344,16.306,16.448,16.67,14.62
173010,J222555.49-010218.7 ,336.48123,-1.038535,CCCC,14,0.5,1,0.6995566,0,1,0.5834076717214884,0.40812668724340057,,5.7,15.21,17.86,11.18,57.9,17.15,17.635,19.814,18.5591,17.4313,16.9079,16.6543,20.0,21.0,16.413,16.226,16.414,16.67,14.62
173259,J225354.64-005316.3 ,343.4777,-0.8878749,CCCC,11,0.5,1,0.4365854,0,1,0.4897413024082198,0.2138139024084136,,5.7,15.21,17.86,11.18,57.9,18.969,19.335001,21.6909,20.4356,19.3007,18.8202,18.3947,20.0,21.0,17.45,17.24,16.59,16.67,14.62
174174,J004040.21+001954.7 ,10.167597,0.3318809,CCCC,11,0.5,1,0.319797,0,1,0.5958965209629241,0.19056591971438025,,5.7,15.21,17.86,11.18,57.9,18.715,19.261,21.561,20.2934,19.0101,18.4392,18.1586,20.0,21.0,17.45,17.24,16.59,16.67,14.62
175438,J013028.28+003815.0 ,22.617882,0.6375013,CCCC,10,0.5,1,0.4240765,0,1,0.5990187332731693,0.25402976784091924,,5.7,15.21,17.86,11.18,57.9,19.182,19.594,23.3,21.0944,19.6569,19.001,18.6637,20.0,21.0,17.45,17.24,16.59,16.67,14.62
177106,J223437.48+011753.8 ,338.65622,1.2982866,CCCC,14,0.5,1,0.393739,0,1,0.644067796609761,0.25359461016933066,,5.7,15.21,17.86,11.18,57.9,16.796999,17.374,19.4048,18.0909,17.0795,16.5959,16.3359,20.0,21.0,16.1,15.9210005,16.079,16.67,14.62
178106,J021230.71-005308.3 ,33.12802,-0.8856685,CCCC,11,0.5,1,0.5848327,0,1,0.49999999999954525,0.29241634999973404,,5.7,15.21,17.86,11.18,57.9,18.384,18.531,23.3,20.1493,20.8745,19.8583,19.7514,20.0,21.0,17.45,17.24,16.59,16.67,14.62
178171,J223953.27+003819.3 ,339.972,0.6386924,CCCC,11,0.5,1,0.4076943,0,1,0.5990187332731693,0.2442165231486915,,5.7,15.21,17.86,11.18,57.9,19.279,19.673,22.7185,21.1489,19.7916,19.1585,18.7413,20.0,21.0,17.45,17.24,16.59,16.67,14.62
178446,J020407.91-005307.6 ,31.032972,-0.8854663,CCCC,10,0.5,1,0.314657,0,1,0.5999107939337591,0.18876613068681486,,5.7,15.21,17.86,11.18,57.9,19.341,19.81,23.3,21.1533,19.7527,19.1012,18.7734,20.0,21.0,17.45,17.24,16.59,16.67,14.62
178701,J220634.75-010210.5 ,331.6448,-1.0362589,CCCC,10,0.5,1,0.3720248,0,1,0.5789473684208133,0.21538277894727936,,5.7,15.21,17.86,11.18,57.9,19.158998,19.554,23.3,21.9413,20.3037,19.5179,19.1936,20.0,21.0,17.45,17.24,16.59,16.67,14.62
179984,J223711.95+001038.5 ,339.29984,0.1773593,CCCC,10,0.5,1,0.3513653,0,1,0.567796610168898,0.1995040262709779,,5.7,15.21,17.86,11.18,57.9,19.201,19.622002,23.3,21.6009,20.005,19.2171,18.8735,20.0,21.0,17.45,17.24,16.59,16.67,14.62
181548,J005609.85-002512.4 ,14.0410795,-0.4201379,CCCC,11,0.5,1,0.3700683,0,1,0.6855486173053578,0.25369981137354436,,5.7,15.21,17.86,11.18,57.9,18.558,19.098,21.9491,20.5883,19.1362,18.4846,18.1371,20.0,21.0,17.45,17.24,16.59,16.67,14.62
182297,J221040.99+003826.0 ,332.67084,0.640554,CCCC,14,0.5,1,0.613244,0,1,0.44112399643154276,0.270516644067665,,5.7,15.21,17.86,11.18,57.9,17.249,17.710001,19.9198,18.6399,17.5201,17.0014,16.714,20.0,21.0,16.429,16.229,16.487,16.67,14.62
186945,J224857.44-003419.8 ,342.23935,-0.5721836,CCCC,14,0.5,1,0.5985587,0,1,0.9964317573590051,0.5964228973235215,,5.7,15.21,17.86,11.18,57.9,16.895,17.422,20.6846,19.3443,17.791,17.064,16.7087,20.0,21.0,16.324,16.17,16.277,16.339,14.534
189511,J224122.14+000146.9 ,340.3423,0.029702,CCCC,10,0.5,1,0.8195598,0,1,0.599464763603919,0.4912972217662751,,5.7,15.21,17.86,11.18,57.9,18.859,19.154,23.3,21.108,19.7758,19.1378,18.8575,20.0,21.0,17.45,17.24,16.59,16.67,14.62
190803,J224138.57+005625.1 ,340.41074,0.9403102,CCCC,14,0.5,1,0.3718703,0,1,0.6409455842995158,0.23834862671713622,,5.7,15.21,17.86,11.18,57.9,16.362,16.89,18.8503,17.6031,16.5536,16.0717,15.8304,20.0,21.0,15.568,15.391001,15.623,16.67,14.62
192820,J012026.09+004717.8 ,20.108759,0.7882726,CCCC,11,0.5,1,0.4657295,0,1,0.644959857269896,0.30037683184638003,,5.7,15.21,17.86,11.18,57.9,18.71,19.172,21.8407,20.4775,19.1091,18.4937,18.1666,20.0,21.0,17.45,17.24,16.59,16.67,14.62
195765,J221747.69-002454.3 ,334.44876,-0.4151076,CCCC,10,0.5,1,0.5398383,0,1,0.45272078501329815,0.24439601895624435,,5.7,15.21,17.86,11.18,57.9,19.237,19.566,23.3,21.2966,19.8343,19.1504,18.8237,20.0,21.0,17.45,17.24,16.59,16.67,14.62
197450,J225613.56+001103.2 ,344.05655,0.184245,CCCC,10,0.5,1,0.6087435,0,1,0.599464763603919,0.36492027832292223,,5.7,15.21,17.86,11.18,57.9,18.744999,19.134,23.3,20.9999,19.4441,18.7294,18.4338,20.0,21.0,17.45,17.24,16.59,16.67,14.62
198507,J223505.31+001104.4 ,338.7722,0.1845765,CCCC,14,0.5,1,0.3727984,0,1,0.5981266726130343,0.22298066654746299,,5.7,15.21,17.86,11.18,57.9,17.555,18.032,20.5167,19.1716,17.9826,17.4364,17.1512,20.0,21.0,16.862,16.736,16.59,16.67,14.62
199041,J224051.54+002959.2 ,340.21478,0.4997916,CCCC,11,0.5,1,0.3416336,0,1,0.5793933987506534,0.19794025263142123,,5.7,15.21,17.86,11.18,57.9,19.094,19.604,22.0785,20.965,19.656,19.0539,18.8382,20.0,21.0,17.45,17.24,16.59,16.67,14.62
201520,J231022.95+011929.6 ,347.59564,1.3248943,CCCC,11,0.5,1,0.5230657,0,1,0.5865298840317337,0.3067936643619776,,5.7,15.21,17.86,11.18,57.9,19.001,19.382,22.0145,20.793,19.4343,18.8519,18.5532,20.0,21.0,17.45,17.24,16.59,16.67,14.62
204353,J223947.53+005642.9 ,339.9481,0.945251,CCCC,11,0.5,1,0.3123403,0,1,0.6797502230147074,0.21231338858148063,,5.7,15.21,17.86,11.18,57.9,18.852,19.33,22.1956,20.9955,19.543,18.8997,18.5493,20.0,21.0,17.45,17.24,16.59,16.67,14.62
204758,J225138.29+010606.4 ,342.90958,1.1017896,CCCC,14,0.5,1,0.4154801,0,1,0.599464763603919,0.24906567992863263,,5.7,15.21,17.86,11.18,57.9,17.09,17.661,19.7866,18.5142,17.4767,16.9739,16.747,20.0,21.0,16.313,16.17,16.274,16.67,14.62
204770,J005200.65-005226.8 ,13.0027275,-0.8741283,CCCC,10,0.5,1,0.3478384,0,1,0.4406779661012479,0.1532847186439123,,5.7,15.21,17.86,11.18,57.9,19.456,19.81,23.3,21.4341,20.0136,19.3102,18.9476,20.0,21.0,17.45,17.24,16.59,16.67,14.62
210390,J224634.32-001545.0 ,341.64307,-0.2625402,CCCC,14,0.5,1,0.5356938,0,1,0.644067796609761,0.34502312542351,,5.7,15.21,17.86,11.18,57.9,16.898,17.464,19.538,18.2625,17.1662,16.6469,16.4,20.0,21.0,16.097,15.963,16.239,16.67,14.62
263424,J221341.76+004020.4 ,333.424,0.6723254,CCCC,14,0.5,1,0.455154,0,1,0.6409455842995158,0.2917289464762618,,5.7,15.21,17.86,11.18,57.9,16.577,17.115,19.0696,17.8327,16.7638,16.2674,16.0382,20.0,21.0,15.78,15.63,15.843,16.67,14.62
211840,J231049.57-001543.5 ,347.70657,-0.2620922,CCCC,11,0.5,1,0.7167218,1,1,0.5031222123102452,0.3605986576269811,,5.7,15.21,17.316328,11.18,57.9,19.205,18.82,22.4707,21.3783,20.182,19.6139,19.3134,20.0,21.0,17.45,17.24,16.59,16.67,14.62
210530,J223430.82+003907.0 ,338.62845,0.6519668,CCCC,11,0.5,1,0.4507478,0,1,0.5981266726130343,0.2696042818016455,,5.7,15.21,17.86,11.18,57.9,18.924,19.409,22.1162,21.1038,19.7137,19.0525,18.7746,20.0,21.0,17.45,17.24,16.59,16.67,14.62
269392,J010932.65+004906.7 ,17.38607,0.8185512,CCCC,14,0.5,1,0.472791,0,1,0.6427297056197858,0.30387682024968415,,5.7,15.21,17.86,11.18,57.9,17.024,17.582,19.6453,18.3731,17.2909,16.7723,16.5233,20.0,21.0,16.257,16.098999,16.298,16.67,14.62
266781,J010411.10+004024.3 ,16.04627,0.6734029,CCCC,10,0.5,1,0.3422516,0,1,0.599464763603919,0.20516777448706303,,5.7,15.21,17.86,11.18,57.9,18.622,19.073,23.3,21.2549,19.756,18.9935,18.6275,20.0,21.0,17.45,17.24,16.59,16.67,14.62
268369,J225621.46-001435.2 ,344.08948,-0.2431367,CCCC,14,0.5,1,0.3365321,0,1,0.599464763603919,0.2017391357716304,,5.7,15.21,17.86,11.18,57.9,16.216,16.722,18.7042,17.4137,16.375,15.8998,15.6498,20.0,21.0,15.385,15.255,15.4470005,16.67,14.62
320541,J013000.79+002348.1 ,22.503315,0.3967073,CCCC,14,0.5,1,0.4334729,0,1,0.6409455842995158,0.2778325411685056,,5.7,15.21,17.86,11.18,57.9,16.934,17.531,19.3969,18.1218,17.1156,16.6596,16.4238,20.0,21.0,16.214,16.078,16.233,16.67,14.62
322679,J222500.71-002204.6 ,336.253,-0.3679739,CCCC,10,0.5,1,0.3994401,0,1,0.4478144513823281,0.1788750492416023,,5.7,15.21,17.86,11.18,57.9,19.107,19.255001,23.3,21.9403,20.4977,19.7444,19.2648,20.0,21.0,17.45,17.24,16.59,16.67,14.62
325876,J021629.35+005944.4 ,34.12232,0.9956753,CCCC,11,0.5,1,0.3736101,0,1,0.8737734165915754,0.32645057355012014,,5.7,15.21,17.86,11.18,57.9,18.464,19.003,22.0548,20.6352,19.2323,18.607,18.2618,20.0,21.0,17.45,17.24,16.59,16.67,14.62
327076,J230126.53-005829.8 ,345.3606,-0.974963,CCCC,11,0.5,1,0.3924142,0,1,0.599464763603919,0.235238485637821,,5.7,15.21,17.86,11.18,57.9,18.765,19.217001,21.8072,20.5077,19.1995,18.5817,18.2867,20.0,21.0,17.45,17.24,16.59,16.67,14.62
327507,J230212.23-010804.1 ,345.551,-1.1344928,CCCC,14,0.5,1,0.5193459,0,1,0.45004460303289306,0.2337288194022606,,5.7,15.21,17.86,11.18,57.9,11.358,12.106,23.3,12.8372,11.0118,10.9966,10.59,20.0,21.0,10.399,10.258,10.576,13.797,14.62
327633,J224706.35-005828.7 ,341.77646,-0.9746743,CCCC,14,0.5,1,0.4681673,0,1,0.5981266726130343,0.2800233493752282,,5.7,15.21,17.86,11.18,57.9,17.178999,17.644001,19.6713,18.3571,17.325,16.8378,16.6097,20.0,21.0,16.284,16.285,16.379,16.67,14.62
331192,J222638.39-004859.0 ,336.66,-0.8164023,CCCC,14,0.5,1,0.4919254,0,1,0.644067796609761,0.31683330847437535,,5.7,15.21,17.86,11.18,57.9,16.956,17.503,19.6078,18.2963,17.1903,16.6901,16.4139,20.0,21.0,16.162,15.949,16.142,16.67,14.62
333243,J015328.06-000355.4 ,28.366934,-0.0654056,CCCC,14,0.5,1,0.6437835,0,1,0.6409455842995158,0.4126301915698873,,5.7,15.21,17.86,11.18,57.9,16.867,17.4,19.2049,17.9628,16.926,16.4677,16.2277,20.0,21.0,15.985,15.8810005,16.139,16.67,14.62
335971,J222932.64+005106.3 ,337.38605,0.8517473,CCCC,11,0.5,1,0.47228,0,1,0.5981266726130343,0.28248326494168385,,5.7,15.21,17.86,11.18,57.9,18.939,19.346,22.1509,20.9182,19.5206,18.8029,18.5582,20.0,21.0,17.45,17.24,16.59,16.67,14.62
336338,J224535.49+001450.6 ,341.39792,0.2473868,CCCC,14,0.5,1,0.4163506,0,1,0.5664585191789229,0.23584534433525606,,5.7,15.21,17.86,11.18,57.9,17.407,17.897,20.2856,18.9757,17.8175,17.2582,17.0245,20.0,21.0,16.618,16.487999,16.59,16.67,14.62
337282,J230531.17-003929.6 ,346.3799,-0.6582629,CCCC,11,0.5,1,0.3440819,0,1,0.5865298840317337,0.2018143169044186,,5.7,15.21,17.86,11.18,57.9,18.65,19.241001,21.6888,20.3176,19.0207,18.4443,18.1653,20.0,21.0,17.45,17.24,16.59,16.67,14.62
339375,J015529.08+003328.1 ,28.871206,0.557809,CCCC,10,0.5,1,0.5829251,0,1,0.4357716324707326,0.25402222243516503,,5.7,15.21,17.86,11.18,57.9,19.171,19.210001,23.3,21.6485,20.265,19.5955,19.1912,20.0,21.0,17.45,17.24,16.59,16.67,14.62
342725,J225903.95-003918.6 ,344.7665,-0.6551997,CCCC,14,0.5,1,0.4362503,0,1,0.6427297056197858,0.28039102689554324,,5.7,15.21,17.86,11.18,57.9,16.587,17.157,19.0543,17.8076,16.7819,16.3071,16.0923,20.0,21.0,15.839,15.676001,15.799001,16.67,14.62
343748,J221803.39-002123.6 ,334.51416,-0.3565857,CCCC,6,0.5,1,0.3240771,0,1,0.5789473684208133,0.18762358421044875,,5.7,15.21,17.86,11.18,57.9,18.973,19.413,23.3,21.4373,19.9088,19.0923,18.6962,20.0,21.0,17.45,17.24,16.59,16.67,14.62
344625,J222818.41-004829.8 ,337.07675,-0.8083027,CCCC,14,0.5,1,0.4699635,0,1,0.5044603033002204,0.2370779297500331,,5.7,15.21,17.86,11.18,57.9,17.077,17.627,19.729,18.4235,17.3427,16.8367,16.5873,20.0,21.0,16.315,16.274,16.399,16.67,14.62
350683,J012513.89+003349.3 ,21.307932,0.5636999,CCCC,14,0.5,1,0.4926436,0,1,0.5981266726130343,0.2946632772521066,,5.7,15.21,17.86,11.18,57.9,17.212,17.746,19.709,18.4352,17.3419,16.8458,16.6136,20.0,21.0,16.332,16.191,16.43,16.67,14.62
351406,J222125.04+004243.5 ,335.35437,0.7120781,CCCC,11,0.5,1,0.3503865,0,1,0.5976806422831942,0.2094192283673604,,5.7,15.21,17.86,11.18,57.9,19.066,19.587,22.3017,21.2714,19.8476,19.1762,18.8999,20.0,21.0,17.45,17.24,16.59,16.67,14.62
353270,J221526.43-000314.7 ,333.86017,-0.0541167,CCCC,14,0.5,1,0.5551395,0,1,0.5807314897410834,0.32238698884912015,,5.7,15.21,17.86,11.18,57.9,17.221,17.891,19.7791,18.5237,17.4545,16.9545,16.7266,20.0,21.0,16.366001,16.264,16.473,16.67,14.62
355401,J224904.17+002458.5 ,342.26743,0.4162381,CCCC,7,0.5,1,0.3499579,0,1,0.6016949152540292,0.210567888982978,,5.7,15.21,17.86,11.18,57.9,18.713,19.229,22.2451,21.0977,19.7219,19.0464,18.7292,20.0,21.0,17.45,17.24,16.59,16.67,14.62
359153,J231518.79+010048.5 ,348.8283,1.0134825,CCCC,14,0.5,1,0.6150141,0,1,0.644067796609761,0.3961107762709352,,5.7,15.21,17.86,11.18,57.9,16.721,17.286,19.3476,18.1045,16.9853,16.5113,16.2508,20.0,21.0,15.966,15.764,16.075,16.67,14.62
359349,J224817.07+005148.2 ,342.07117,0.8633851,CCCC,10,0.5,1,0.4535956,0,1,0.599464763603919,0.27191457912577777,,5.7,15.21,17.86,11.18,57.9,16.659,17.278,19.2186,17.9685,16.9089,16.4212,16.1674,20.0,21.0,15.882,15.656,16.002,16.67,14.62
361420,J222602.12+010052.5 ,336.50885,1.0145693,CCCC,14,0.5,1,0.67537,1,1,0.600356824264054,0.40546298840321415,,5.7,15.21,15.495681,11.18,57.9,16.848,17.374,19.6572,18.4037,17.28,16.7512,16.5043,20.0,21.0,16.172,15.912001,16.386,16.67,14.62
362919,J225853.10+003409.3 ,344.7213,0.5692451,CCCC,11,0.5,1,0.3919371,0,1,0.5646743978586528,0.2213168459409666,,5.7,15.21,17.86,11.18,57.9,19.194,19.7,22.0789,20.8882,19.5515,18.9985,18.7081,20.0,21.0,17.45,17.24,16.59,16.67,14.62
363393,J005020.27-004754.0 ,12.584475,-0.7983694,CCCC,14,0.5,1,0.5747769,0,1,0.4290811775194925,0.24662594906300359,,5.7,15.21,17.86,11.18,57.9,17.17,17.65,20.0207,18.7231,17.5441,17.0572,16.7936,20.0,21.0,16.417,16.33,16.572,16.67,14.62
365415,J220857.70+002517.3 ,332.24045,0.4214599,CCCC,11,0.5,1,0.376704,0,1,0.5798394290809483,0.21842783229250953,,5.7,15.21,17.86,11.18,57.9,18.962,19.402,22.2926,21.1763,19.5971,18.8696,18.5756,20.0,21.0,17.45,17.24,16.59,16.67,14.62
366989,J231741.50+010102.8 ,349.42294,1.0174699,CCCC,11,0.5,1,0.7786803,0,1,0.44870651204246315,0.34939892140917883,,5.7,15.21,17.86,11.18,57.9,18.876999,19.168001,22.3159,21.1321,19.4957,18.7747,18.3866,20.0,21.0,17.45,17.24,16.59,16.67,14.62
367481,J005506.42-000248.1 ,13.776797,-0.0467289,CCCC,11,0.5,1,0.6393055,0,1,0.619536128456275,0.39607285437080314,,5.7,15.21,17.86,11.18,57.9,18.826,19.16,22.1259,20.8159,19.3756,18.7057,18.3777,20.0,21.0,17.45,17.24,16.59,16.67,14.62
320043,J014432.52-003102.0 ,26.135517,-0.5172539,CCCC,10,0.5,1,0.3869046,0,1,0.5878679750217088,0.22744882372858424,,5.7,15.21,17.86,11.18,57.9,19.025,19.411001,23.3,21.2355,19.7315,19.0296,18.6028,20.0,21.0,17.45,17.24,16.59,16.67,14.62
318497,J020953.86-005845.4 ,32.474434,-0.9793076,CCCC,14,0.5,1,0.4848526,0,1,0.6061552185547043,0.29389593371981665,,5.7,15.21,17.86,11.18,57.9,17.027,17.618,19.3789,18.1258,17.1151,16.6565,16.4191,20.0,21.0,16.149,16.122,16.249,16.67,14.62
318475,J224855.10+002343.7 ,342.2296,0.3954707,CCCC,9,0.5,1,0.4797018,1,1,0.5909901873324088,0.2834990566456937,,5.7,15.21,14.788904,11.18,57.9,18.695,18.836,23.3,21.5209,20.1659,19.504,19.2279,20.0,21.0,17.45,17.24,16.59,16.67,14.62
296818,J011427.08-005018.9 ,18.612877,-0.8386161,CCCC,14,0.5,1,0.6073176,0,1,0.619536128456275,0.3762551946473567,,5.7,15.21,17.86,11.18,57.9,16.979,17.525,19.3522,18.109,17.07,16.6196,16.3667,20.0,21.0,16.079,16.085,16.208,16.67,14.62
170445,J224913.46-005320.8 ,342.30612,-0.8891626,CCCC,14,0.5,1,0.5695197,0,1,0.594112399642654,0.3383587156107644,,5.7,15.21,17.86,11.18,57.9,15.787001,16.278,18.3155,16.9918,15.9565,15.4619,15.2381,20.0,21.0,14.945,14.852,15.0060005,16.155,14.619
269690,J020756.50-003227.2 ,31.985443,-0.5409092,CCCC,14,0.5,1,0.5281444,0,1,0.6427297056197858,0.3394540947367384,,5.7,15.21,17.86,11.18,57.9,16.752,17.254,19.2369,17.9687,16.9064,16.4022,16.1929,20.0,21.0,15.964,15.785001,16.119,16.67,14.62
271968,J223904.91+004909.6 ,339.7705,0.8193446,CCCC,11,0.5,1,0.4347966,0,1,0.5798394290809483,0.2521122123103374,,5.7,15.21,17.86,11.18,57.9,19.34,19.81,21.9953,20.9092,19.6324,19.0018,18.7885,20.0,21.0,17.45,17.24,16.59,16.67,14.62
273465,J224951.72+001247.6 ,342.46555,0.2132292,CCCC,10,0.5,1,0.4013992,0,1,0.599464763603919,0.2406246765388022,,5.7,15.21,17.86,11.18,57.9,16.61,17.185,19.2146,17.9703,16.9641,16.4928,16.2261,20.0,21.0,16.046,15.967,16.102,16.67,14.62
274825,J005926.21+004913.0 ,14.859247,0.8203044,CCCC,14,0.5,1,0.5233804,0,1,0.599464763603919,0.31374810776092454,,5.7,15.21,17.86,11.18,57.9,17.057,17.645,19.7411,18.5019,17.3586,16.8593,16.6097,20.0,21.0,16.441,16.234,16.382,16.67,14.62
277898,J004730.46-002312.4 ,11.87694,-0.3867959,CCCC,11,0.5,1,0.3549623,0,1,0.6217662801063852,0.22070358884900676,,5.7,15.21,17.86,11.18,57.9,18.682,19.131,22.0238,20.7548,19.2731,18.5812,18.2829,20.0,21.0,17.45,17.24,16.59,16.67,14.62
279169,J222532.23-004111.4 ,336.38434,-0.6865322,CCCC,10,0.5,1,0.531869,0,1,0.5691347011597827,0.3027051043711525,,5.7,15.21,17.86,11.18,57.9,17.27,17.81,19.7311,18.4597,17.4491,16.9745,16.7221,20.0,21.0,16.53,16.395,16.555,16.67,14.62
281778,J230324.79+004045.4 ,345.8533,0.6792701,CCCC,10,0.5,1,0.4081363,0,1,0.5976806422831942,0.24393516592308642,,5.7,15.21,17.86,11.18,57.9,19.178,19.556,23.3,21.1347,19.6995,18.9926,18.6961,20.0,21.0,17.45,17.24,16.59,16.67,14.62
283305,J011527.57+002235.4 ,18.864918,0.3764871,CCCC,11,0.5,1,0.619361,0,1,0.599464763603919,0.3712850954504869,,5.7,15.21,17.86,11.18,57.9,19.001999,19.248001,22.3378,21.1291,19.7789,19.1451,18.7769,20.0,21.0,17.45,17.24,16.59,16.67,14.62
285179,J231347.36+003149.6 ,348.4474,0.5304659,CCCC,14,0.5,1,0.5273496,0,1,0.644067796609761,0.3396488949150388,,5.7,15.21,17.86,11.18,57.9,16.743,17.307001,19.2013,17.9483,16.9133,16.4524,16.1963,20.0,21.0,15.959,15.799001,16.001,16.67,14.62
293255,J224116.17-004048.9 ,340.31744,-0.6802628,CCCC,14,0.5,1,0.612877,0,1,0.6119536128453547,0.3750522943798224,,5.7,15.21,17.86,11.18,57.9,16.927,17.446001,19.3727,18.1196,17.1054,16.6384,16.4021,20.0,21.0,16.162,16.067,16.288,16.67,14.62
295812,J223408.48+005843.7 ,338.53537,0.978817,CCCC,10,0.5,1,0.5319299,0,1,0.5807314897410834,0.30890844326482547,,5.7,15.21,17.86,11.18,57.9,19.036,19.385,23.3,21.568,20.2518,19.4366,19.0495,20.0,21.0,17.45,17.24,16.59,16.67,14.62
299403,J225131.36-002246.9 ,342.88074,-0.3797118,CCCC,10,0.5,1,0.4224791,0,1,0.43978590544111285,0.18580035352344645,,5.7,15.21,17.86,11.18,57.9,19.703,19.81,23.3,21.5522,20.1707,19.5591,19.177,20.0,21.0,17.45,17.24,16.59,16.313,14.101
316934,J230814.80-004007.5 ,347.06168,-0.6687848,CCCC,11,0.5,1,0.3779099,0,1,0.599464763603919,0.22654366886708066,,5.7,15.21,17.86,11.18,57.9,18.953999,19.404001,22.0809,20.8323,19.529,18.8423,18.4886,20.0,21.0,17.45,17.24,16.59,16.67,14.62
300955,J013418.53+010837.2 ,23.577217,1.1436727,CCCC,14,0.5,1,0.3986688,0,1,0.5981266726130343,0.23845444281863126,,5.7,15.21,17.86,11.18,57.9,18.603,19.045,22.0156,20.436,18.9872,18.331,17.9836,20.0,21.0,17.45,17.24,16.59,16.67,14.62
301787,J231326.84+005854.1 ,348.36188,0.9817106,CCCC,14,0.5,1,0.5538215,0,1,0.644067796609761,0.3566985932201127,,5.7,15.21,17.86,11.18,57.9,16.801,17.333,19.3512,18.1106,17.0485,16.5523,16.3383,20.0,21.0,16.068,15.841001,16.046999,16.67,14.62
302031,J224856.84+002304.7 ,342.23688,0.3846358,CCCC,9,0.5,1,0.5696658,0,1,0.6306868867081903,0.35928074986613057,,5.7,15.21,17.86,11.18,57.9,19.161999,19.564001,23.3,21.658,20.1888,19.3428,18.867,20.0,21.0,17.45,17.24,16.59,16.67,14.2890005
302192,J005106.25+001337.8 ,12.776055,0.2271599,CCCC,14,0.5,1,0.40791,0,1,0.5869759143620286,0.23943334522741508,,5.7,15.21,17.86,11.18,57.9,17.445,17.971,20.2267,18.9664,17.7973,17.2637,17.0001,20.0,21.0,16.838001,16.633,16.59,16.635,14.62
302871,J005803.95+004953.1 ,14.516499,0.831426,CCCC,10,0.5,1,0.5646108,0,1,0.599464763603919,0.3384642797502196,,5.7,15.21,17.86,11.18,57.9,18.796999,19.159,23.3,21.6239,19.9032,19.0905,18.7415,20.0,21.0,17.45,17.24,16.59,16.67,14.62
303856,J230610.98-002238.2 ,346.54578,-0.3773212,CCCC,11,0.5,1,0.5055336,0,1,0.5566458519174375,0.28140318144488913,,5.7,15.21,17.86,11.18,57.9,19.324999,19.745,22.264,21.1786,19.8116,19.1784,18.9201,20.0,21.0,17.45,17.24,16.59,16.67,14.62
307637,J230018.24-010850.6 ,345.07605,-1.147406,CCCC,14,0.5,1,0.3807327,0,1,0.599464763603919,0.2282358380017818,,5.7,15.21,17.86,11.18,57.9,16.166,16.723,18.6825,17.4451,16.3696,15.8918,15.6637,20.0,21.0,15.386,15.242001,15.499001,16.67,14.62
309415,J222032.03-004021.2 ,335.1335,-0.6725893,CCCC,14,0.5,1,0.4593878,0,1,0.644067796609761,0.2958768881354056,,5.7,15.21,17.86,11.18,57.9,16.803999,17.367,19.3295,18.0208,16.9956,16.5105,16.2525,20.0,21.0,15.978,15.837,16.011,16.67,14.62
312287,J014209.67+001401.1 ,25.540314,0.2336455,CCCC,14,0.5,1,0.5437614,0,1,0.42997323818008226,0.23380284995533496,,5.7,15.21,17.86,11.18,57.9,17.178,17.751,19.7987,18.5344,17.4214,16.9276,16.6794,20.0,21.0,16.468,16.205,16.478,16.67,14.62
312616,J220934.42-003116.4 ,332.39346,-0.5212558,CCCC,10,0.5,1,0.5366352,0,1,0.5044603033002204,0.2707111557535744,,5.7,15.21,17.86,11.18,57.9,18.883999,19.257,23.3,21.4154,19.8632,19.0917,18.6592,20.0,21.0,17.45,17.24,16.59,16.67,14.62
313365,J005607.91-000433.3 ,14.033013,-0.0759388,CCCC,14,0.5,1,0.4426127,0,1,0.599464763603919,0.26533071757359233,,5.7,15.21,17.86,11.18,57.9,16.395,16.91,18.7481,17.5027,16.4815,16.0225,15.7888,20.0,21.0,15.503,15.391001,15.6640005,16.67,14.62
315713,J223626.78-004010.2 ,339.1116,-0.6695286,CCCC,14,0.5,1,0.4512889,0,1,0.5856378233715986,0.26429184910776304,,5.7,15.21,17.86,11.18,57.9,17.542,18.056,20.243,18.9875,17.8139,17.2717,17.0151,20.0,21.0,16.712,16.542,16.59,16.67,14.62
171750,J004256.66+005559.4 ,10.736111,0.9331971,CCCC,11,0.5,1,0.5493573,0,1,0.5142729705617057,0.2825196105707582,,5.7,15.21,17.86,11.18,57.9,20.13,19.81,23.3,21.8144,21.5608,21.1981,20.6419,20.0,21.0,17.45,17.24,16.59,16.67,14.5390005
194837,J223434.57+011903.5 ,338.64407,1.3176628,CCCC,6,0.5,1,0.3749453,0,1,0.567796610168898,0.21289267033876053,,5.7,15.21,17.86,11.18,57.9,18.987999,19.397001,23.3,21.6569,20.1102,19.1821,18.7914,20.0,21.0,17.45,17.24,16.59,16.67,14.62
88727,J223305.88-002708.6 ,338.27457,-0.4524088,CCCC,14,0.5,1,0.495118,0,1,0.6061552185547043,0.3001183595003681,,5.7,15.21,17.86,11.18,57.9,17.073,17.598,19.779,18.4796,17.3389,16.8308,16.5441,20.0,21.0,16.253,16.17,16.358,16.67,14.62
116530,J231818.65-011446.1 ,349.57776,-1.2461686,CCCC,10,0.5,1,0.6372411,0,1,0.46253345227432874,0.29474532591409075,,5.7,15.21,17.86,11.18,57.9,19.024,19.356,23.3,21.223,19.8427,19.0832,18.7412,20.0,21.0,17.45,17.24,16.59,16.67,14.62
60372,J221113.05-005557.5 ,332.80444,-0.9326552,CCCC,11,0.5,1,0.4416789,0,1,0.5963425512927643,0.2633919220781817,,5.7,15.21,17.86,11.18,57.9,18.859999,19.286,21.6963,20.4518,19.188,18.5639,18.2781,20.0,21.0,17.45,17.24,16.59,16.67,14.62
60469,J221224.89-010504.7 ,333.10373,-1.0846627,CCCC,14,0.5,1,0.4306067,0,1,0.644067796609761,0.2773399084744004,,5.7,15.21,17.86,11.18,57.9,16.834,17.414,19.4245,18.1241,17.1039,16.6264,16.3775,20.0,21.0,16.112,15.966001,16.117,16.67,14.62
62613,J221225.34+011324.1 ,333.1056,1.223353,CCCC,10,0.5,1,0.5039649,0,1,0.4290811775194925,0.2162418527204933,,5.7,15.21,17.86,11.18,57.9,19.142,19.400002,23.3,21.3806,20.0808,19.4855,19.1214,20.0,21.0,17.45,17.24,16.59,16.67,14.62
65572,J224457.47-001900.1 ,341.2395,-0.3167354,CCCC,14,0.5,1,0.4913069,0,1,0.570026761819463,0.28005808126655873,,5.7,15.21,17.86,11.18,57.9,17.183,17.654,19.7703,18.4615,17.3966,16.938,16.6816,20.0,21.0,16.372,16.207,16.421,16.67,14.62
65653,J222504.39-001900.2 ,336.2683,-0.3167608,CCCC,14,0.5,1,0.5919909,0,1,0.49241748438862487,0.291506669758958,,5.7,15.21,17.86,11.18,57.9,17.168,17.713,19.7781,18.4868,17.4044,16.8958,16.6565,20.0,21.0,16.312,16.103,16.446,16.67,14.62
66023,J222508.34+004433.6 ,336.28476,0.7426677,CCCC,11,0.5,1,0.6316108,0,1,0.4317573595003523,0.27270261123990513,,5.7,15.21,17.86,11.18,57.9,19.039,19.402,22.1698,20.9226,19.6605,19.0419,18.7483,20.0,21.0,17.45,17.24,16.59,16.67,14.62
70196,J225405.09-000954.7 ,343.52127,-0.1652108,CCCC,10,0.5,1,0.5486082,0,1,0.6119536128453547,0.3357227700265869,,5.7,15.21,17.86,11.18,57.9,16.817,17.31,19.4792,18.2035,17.1117,16.5756,16.3409,20.0,21.0,16.059,15.941,16.163,16.67,14.62
76330,J231232.31-002726.7 ,348.13467,-0.4574455,CCCC,11,0.5,1,0.5561708,0,1,0.5695807314896228,0.3167841710971687,,5.7,15.21,17.86,11.18,57.9,19.129,19.522001,22.1343,20.9616,19.6371,18.9902,18.7455,20.0,21.0,17.45,17.24,16.59,16.67,14.62
80515,J221518.81+003602.2 ,333.82843,0.6006221,CCCC,10,0.5,1,0.3422258,0,1,0.5878679750217088,0.20118358804618433,,5.7,15.21,17.86,11.18,57.9,19.41,19.81,23.3,21.173,19.8205,19.2023,18.8563,20.0,21.0,17.45,17.24,16.59,16.67,14.62
81968,J011215.55+003604.1 ,18.064798,0.6011304,CCCC,10,0.5,1,0.4406533,0,1,0.49107939339819495,0.21639575526291283,,5.7,15.21,17.86,11.18,57.9,18.706,19.112,23.3,21.5427,19.7371,18.8666,18.3719,20.0,21.0,17.45,17.24,16.59,16.67,14.62
84905,J223559.96+001754.6 ,338.99988,0.2985192,CCCC,14,0.5,1,0.3671158,0,1,0.644067796609761,0.2364474644066297,,5.7,15.21,17.86,11.18,57.9,16.457,17.091,19.0653,17.7823,16.7452,16.2628,16.0321,20.0,21.0,15.721,15.497001,15.7960005,16.67,14.573
86820,J020155.70+001757.3 ,30.482136,0.2992605,CCCC,10,0.5,1,0.5337618,0,1,0.46253345227432874,0.2468826880461598,,5.7,15.21,17.86,11.18,57.9,18.99,19.272,23.3,21.6005,20.0285,19.3365,18.9155,20.0,21.0,17.45,17.24,16.59,16.67,14.62
86913,J221910.76+004459.8 ,334.79486,0.7499417,CCCC,14,0.5,1,0.5115383,0,1,0.644067796609761,0.3294653457625029,,5.7,15.21,17.86,11.18,57.9,16.561,17.099,19.2057,17.9402,16.849,16.3344,16.1002,20.0,21.0,15.772,15.588,15.88,16.67,14.62
87051,J224709.42+011404.9 ,341.78928,1.2346846,CCCC,10,0.5,1,0.4069374,0,1,0.6467439785901661,0.26318431311313784,,5.7,15.21,17.86,11.18,57.9,19.34,19.755001,23.3,21.6024,20.125,19.3576,18.9658,20.0,21.0,17.45,17.24,16.59,16.533,14.268
90563,J223402.14+002739.7 ,338.50897,0.46105,CCCC,10,0.5,1,0.6256303,0,1,0.6025869759141642,0.3769966705172713,,5.7,15.21,17.86,11.18,57.9,18.901999,19.103,23.3,21.5371,20.0721,19.3104,18.9366,20.0,21.0,17.45,17.24,16.59,16.67,14.62
91965,J013917.44-005514.0 ,24.822699,-0.9205901,CCCC,14,0.5,1,0.4711219,0,1,0.599464763603919,0.28242097841212915,,5.7,15.21,17.86,11.18,57.9,16.414999,16.889,18.8279,17.5556,16.508,16.0307,15.815,20.0,21.0,15.549,15.501,15.885,16.67,14.62
92246,J004634.62+001804.3 ,11.644279,0.3012076,CCCC,10,0.5,1,0.4762581,0,1,0.46253345227432874,0.2202853031666125,,5.7,15.21,17.86,11.18,57.9,18.885,19.269001,23.3,21.3137,19.7045,18.9317,18.5,20.0,21.0,17.45,17.24,16.59,16.67,14.62
92520,J004620.18+001805.0 ,11.58412,0.301391,CCCC,11,0.5,1,0.5336099,0,1,0.599464763603919,0.3198803325602108,,5.7,15.21,17.86,11.18,57.9,18.733,19.147,21.7788,20.5256,19.198,18.6394,18.3337,20.0,21.0,17.45,17.24,16.59,16.67,14.62
93882,J230318.20-001823.0 ,345.82587,-0.3064234,CCCC,11,0.5,1,0.3910388,0,1,0.6141837644954649,0.2401696822477892,,5.7,15.21,17.86,11.18,57.9,18.792,19.266,21.8859,20.5512,19.2454,18.6031,18.3075,20.0,21.0,17.45,17.24,16.59,16.67,14.62
104421,J021950.86-000014.6 ,34.96197,-0.0040712,CCCC,10,0.5,1,0.3396995,0,1,0.6025869759141642,0.20469849442455362,,5.7,15.21,17.86,11.18,57.9,19.012999,19.382,23.3,21.6816,20.3717,19.6853,19.2823,20.0,21.0,17.45,17.24,16.59,16.67,14.62
109893,J221008.14-004506.4 ,332.53397,-0.751805,CCCC,14,0.5,1,0.5709508,0,1,0.644067796609761,0.3677310237285803,,5.7,15.21,17.86,11.18,57.9,16.86,17.4,19.5711,18.2687,17.172,16.6622,16.4122,20.0,21.0,16.051,15.905001,16.265,16.67,14.62
111997,J004958.08+001829.6 ,12.492037,0.3082187,CCCC,10,0.5,1,0.5279201,0,1,0.8358608385365187,0.44126773746628284,,5.7,15.21,17.86,11.18,57.9,18.744999,19.118,23.3,21.3363,19.9712,19.3382,19.0367,20.0,21.0,17.45,17.24,16.59,16.67,14.62
112791,J230356.27-002637.2 ,345.9845,-0.4436975,CCCC,14,0.5,1,0.5268254,0,1,0.644067796609761,0.339311274576056,,5.7,15.21,17.86,11.18,57.9,16.918,17.42,19.4929,18.211,17.1458,16.6478,16.3928,20.0,21.0,16.069,15.915,16.102,16.67,14.62
114206,J220916.16+000910.9 ,332.31735,0.1530086,CCCC,14,0.5,1,0.3157011,0,1,0.599464763603919,0.1892516852809972,,5.7,15.21,17.86,11.18,57.9,16.18,16.706,18.7115,17.4189,16.3748,15.8891,15.6667,20.0,21.0,15.4,15.264,15.536,16.67,14.62
115779,J222430.17+002812.4 ,336.12573,0.4701093,CCCC,10,0.5,1,0.7150158,0,1,0.9794826048168943,0.7003455382692355,,5.7,15.21,17.86,11.18,57.9,18.687,19.076,23.3,21.0137,19.6597,18.9897,18.6772,20.0,21.0,17.45,17.24,16.59,16.67,14.62
60105,J224932.46-002752.4 ,342.38528,-0.4645792,CCCC,10,0.5,1,0.3764383,0,1,0.9598572702939236,0.36132703907208513,,5.7,15.21,17.86,11.18,57.9,18.743,19.041,23.3,21.46,20.045,19.3018,18.9438,20.0,21.0,17.45,17.24,16.59,15.808,14.527
57738,J221357.45-001012.1 ,333.4894,-0.1700547,CCCC,14,0.5,1,0.5987864,0,1,0.5892060660121388,0.35280857912557095,,5.7,15.21,17.86,11.18,57.9,17.236,17.741001,19.9032,18.6156,17.4872,16.9672,16.6686,20.0,21.0,16.42,16.216,16.439,16.67,14.62
57190,J225848.29-004618.3 ,344.70126,-0.7717621,CCCC,14,0.5,1,0.4628237,0,1,0.600356824264054,0.27785936672613926,,5.7,15.21,17.86,11.18,57.9,16.389,16.889,18.8649,17.6189,16.5708,16.1037,15.8687,20.0,21.0,15.5529995,15.462,15.658,16.67,14.62
29311,J221319.58+002608.7 ,333.3316,0.4357507,CCCC,13,0.5,1,0.6461295,0,1,0.599464763603919,0.3873318679750184,,5.7,15.21,17.86,11.18,57.9,18.38,18.736,23.3,20.4546,19.0615,18.3902,18.1128,20.0,21.0,17.292,17.056,16.487999,16.67,14.62
7232,J222515.99+010120.1 ,336.31665,1.0222483,CCCC,11,0.5,1,0.3276079,0,1,0.6150758251555999,0.20150369941999324,,5.7,15.21,17.86,11.18,57.9,18.486,19.039,21.773,20.3951,19.0356,18.3667,18.0119,20.0,21.0,17.45,17.24,16.59,16.67,14.62
10611,J225634.06-002907.5 ,344.14194,-0.4854323,CCCC,14,0.5,1,0.3312538,0,1,0.599464763603919,0.19857498090989986,,5.7,15.21,17.86,11.18,57.9,16.201,16.797,18.8749,17.6324,16.5809,16.1052,15.8679,20.0,21.0,15.556,15.395,15.658,16.67,14.62
14356,J222606.80-004719.0 ,336.52838,-0.7886277,CCCC,10,0.5,1,0.7911331,0,1,0.599464763603919,0.4742564167707356,,5.7,15.21,17.86,11.18,57.9,18.737,19.083,23.3,20.9917,19.5164,18.837,18.5106,20.0,21.0,17.45,17.24,16.59,16.67,14.62
14778,J013327.18+004331.6 ,23.36328,0.7254703,CCCC,10,0.5,1,0.3671847,0,1,0.42997323818008226,0.15787959446918204,,5.7,15.21,17.86,11.18,57.9,19.005999,19.379002,23.3,21.5606,19.9598,19.1704,18.7742,20.0,21.0,17.45,17.24,16.59,16.67,14.62
16958,J222452.01+000701.5 ,336.21677,0.1170848,CCCC,14,0.5,1,0.3408434,0,1,0.593220338982519,0.20219523728795433,,5.7,15.21,17.86,11.18,57.9,16.15,16.798,18.6056,17.3631,16.3373,15.8733,15.6312,20.0,21.0,15.417,15.199,15.2890005,16.67,14.62
19087,J005331.44+011206.0 ,13.381038,1.201687,CCCC,11,0.5,1,0.3357641,0,1,0.9063336306862766,0.30431429580711006,,5.7,15.21,17.86,11.18,57.9,18.657,19.168001,22.173,21.111,19.6388,18.9327,18.6017,20.0,21.0,17.45,17.24,16.59,16.67,14.62
20084,J222818.84+005237.3 ,337.07855,0.8770141,CCCC,11,0.5,1,0.3883719,0,1,0.599464763603919,0.23281526922390486,,5.7,15.21,17.86,11.18,57.9,18.454,18.89,21.8822,20.552,19.1464,18.4701,18.1497,20.0,21.0,17.45,17.24,16.59,16.67,14.62
25369,J221409.34-002846.1 ,333.53897,-0.4794992,CCCC,11,0.5,1,0.417897,0,1,0.944246208741788,0.394597657894567,,5.7,15.21,17.86,11.18,57.9,18.605999,19.087,22.0339,20.9082,19.6187,19.0304,18.6853,20.0,21.0,17.45,17.24,16.59,16.67,14.62
28246,J010250.99+005247.9 ,15.712502,0.8799866,CCCC,10,0.5,1,0.3335818,0,1,0.45004460303289306,0.15012668875999793,,5.7,15.21,17.86,11.18,57.9,19.453,19.81,23.3,21.5228,19.9414,19.2807,18.9034,20.0,21.0,17.45,17.24,16.59,16.67,14.62
28915,J005836.67-003752.4 ,14.652833,-0.6312401,CCCC,14,0.5,1,0.4666219,0,1,0.6427297056197858,0.29991175642274515,,5.7,15.21,17.86,11.18,57.9,17.004,17.544,19.4229,18.1385,17.1122,16.6469,16.4047,20.0,21.0,16.151001,16.024,16.15,16.67,14.62
28946,J020719.06-011833.6 ,31.829458,-1.3093797,CCCC,14,0.5,1,0.3664724,0,1,0.5780553077606783,0.21184131596779437,,5.7,15.21,17.86,11.18,57.9,18.016,18.478,20.6359,19.3843,18.2216,17.6956,17.4571,20.0,21.0,17.185999,17.048,16.59,16.67,14.62
30702,J223834.18-001947.6 ,339.64243,-0.3299278,CCCC,10,0.5,1,0.431811,0,1,0.5602140945579777,0.2419066083851749,,5.7,15.21,17.86,11.18,57.9,19.132,19.502,23.3,21.5195,19.8845,19.1574,18.8135,20.0,21.0,17.45,17.24,16.59,16.67,14.62
56715,J010528.84-001913.2 ,16.370209,-0.3203566,CCCC,14,0.5,1,0.3606583,0,1,0.5646743978586528,0.20365450838522536,,5.7,15.21,17.86,11.18,57.9,17.53,18.042,20.1874,18.9212,17.7732,17.2604,17.0122,20.0,21.0,16.707,16.63,16.59,16.67,14.62
33518,J004812.93-000157.8 ,12.053907,-0.0327432,CCCC,14,0.5,1,0.4731459,0,1,0.644067796609761,0.3047380372879423,,5.7,15.21,17.86,11.18,57.9,16.897,17.439001,19.2855,18.0132,16.9792,16.5173,16.2832,20.0,21.0,16.074,15.9210005,16.107,16.67,14.62
38101,J222446.52+005300.3 ,336.19388,0.8833944,CCCC,6,0.5,1,0.3947922,0,1,0.599464763603919,0.2366640128456711,,5.7,15.21,17.86,11.18,57.9,18.702,19.133,23.3,20.763,19.2798,18.5294,18.2096,20.0,21.0,17.45,17.24,16.59,16.67,14.62
39756,J014141.90-004641.3 ,25.42465,-0.7781898,CCCC,10,0.5,1,0.6256157,0,1,0.599464763603919,0.3750345677074003,,5.7,15.21,17.86,11.18,57.9,18.406,18.685,23.3,20.5698,19.3094,18.7446,18.5008,20.0,21.0,17.45,17.24,16.59,16.67,14.62
42044,J225242.12-003735.9 ,343.17557,-0.6266578,CCCC,10,0.5,1,0.3661472,0,1,0.6454058876001909,0.23631355860832462,,5.7,15.21,17.86,11.18,57.9,19.239,19.659,23.3,21.7606,20.1757,19.307,18.9452,20.0,21.0,17.45,17.24,16.59,16.67,14.524
42975,J013222.56+003513.3 ,23.094053,0.587042,CCCC,10,0.5,1,0.439337,0,1,0.5802854594107885,0.2549408728811576,,5.7,15.21,17.86,11.18,57.9,19.064,19.460001,23.3,21.4155,20.0244,19.1689,18.7413,20.0,21.0,17.45,17.24,16.59,16.67,14.62
44146,J231200.73+011250.8 ,348.00308,1.2141283,CCCC,10,0.5,1,0.3644336,0,1,0.48394290811756946,0.17636505619975507,,5.7,15.21,17.86,11.18,57.9,19.147999,19.567001,23.3,21.4212,19.8759,19.1297,18.7633,20.0,21.0,17.45,17.24,16.59,16.67,14.62
46926,J230549.76-000139.2 ,346.45737,-0.0276028,CCCC,14,0.5,1,0.4597136,0,1,0.521409455842786,0.23969901801952817,,5.7,15.21,17.86,11.18,57.9,17.934,18.343,20.7479,19.3882,18.167,17.6251,17.3541,20.0,21.0,17.166,16.994999,16.59,16.67,14.62
48394,J221031.06+000742.3 ,332.62946,0.1284092,CCCC,11,0.5,1,0.3713156,0,1,0.520071364852356,0.19311061088297152,,5.7,15.21,17.86,11.18,57.9,19.088,19.501001,21.8774,20.6078,19.323,18.715,18.416,20.0,21.0,17.45,17.24,16.59,16.67,14.62
49247,J223148.06+011259.0 ,337.9503,1.2163701,CCCC,14,0.5,1,0.4865812,0,1,0.644067796609761,0.3133912813557334,,5.7,15.21,17.86,11.18,57.9,16.963,17.419,19.6125,18.2887,17.1815,16.6748,16.4351,20.0,21.0,16.105,16.018,16.187,16.67,14.62
52092,J231234.48-001919.8 ,348.14368,-0.3221764,CCCC,10,0.5,1,0.5409932,0,1,0.599464763603919,0.3243063607493276,,5.7,15.21,17.86,11.18,57.9,17.143,17.622,19.5298,18.2151,17.2163,16.7423,16.4781,20.0,21.0,16.195,15.946,16.39,16.67,14.62
53695,J013247.79-004623.4 ,23.199186,-0.7731824,CCCC,11,0.5,1,0.3588366,0,1,0.7207850133804641,0.2586440435324002,,5.7,15.21,17.86,11.18,57.9,18.648,19.176,21.7639,20.5116,19.0951,18.4898,18.1661,20.0,21.0,17.45,17.24,16.59,16.67,14.62
115994,J222805.20+004536.2 ,337.0217,0.7600401,CCCC,11,0.5,1,0.6884106,0,1,0.599464763603919,0.41267789759143203,,5.7,15.21,17.86,11.18,57.9,18.969,19.317,22.059,20.7204,19.3706,18.7373,18.392,20.0,21.0,17.45,17.24,16.59,16.67,14.62
368495,J221148.71-005719.6 ,332.953,-0.9554555,CCCC,11,0.5,1,0.4099502,0,1,0.599464763603919,0.2457506997323793,,5.7,15.21,17.86,11.18,57.9,18.722,19.167,22.1423,20.9339,19.5547,18.8575,18.5298,20.0,21.0,17.45,17.24,16.59,16.67,14.62
124578,J225041.34+002822.9 ,342.67233,0.4730455,CCCC,14,0.5,1,0.3786101,0,1,0.647190008920461,0.24503267399637663,,5.7,15.21,17.86,11.18,57.9,16.925,17.538,19.6625,18.3301,17.2532,16.7405,16.4808,20.0,21.0,16.226,16.119,16.233,16.67,14.424
146305,J015040.35+002851.6 ,27.66815,0.4810154,CCCC,10,0.5,1,0.3670654,0,1,0.599464763603919,0.22004277323817795,,5.7,15.21,17.86,11.18,57.9,18.939999,19.367,23.3,20.9625,19.4446,18.7522,18.4052,20.0,21.0,17.45,17.24,16.59,16.67,14.62
159599,J223911.40+002908.4 ,339.79752,0.485665,CCCC,14,0.5,1,0.4534318,0,1,0.644067796609761,0.2920408203387978,,5.7,15.21,17.86,11.18,57.9,16.996,17.52,19.5583,18.2787,17.2522,16.7702,16.519,20.0,21.0,16.167,15.978001,16.191,16.67,14.62
117612,J225950.33-000845.6 ,344.95975,-0.1460181,CCCC,11,0.5,1,0.3818516,0,1,0.599464763603919,0.22890657912577825,,5.7,15.21,17.86,11.18,57.9,18.873999,19.327,21.982,20.7479,19.3938,18.7907,18.4511,20.0,21.0,17.45,17.24,16.59,16.67,14.62
158168,J220909.56-010238.1 ,332.28986,-1.0439361,CCCC,10,0.5,1,0.5817307,0,1,0.5918822479925439,0.34431607444227613,,5.7,15.21,17.86,11.18,57.9,19.005,19.35,23.3,21.3684,19.8972,19.2209,18.7897,20.0,21.0,17.45,17.24,16.59,16.67,14.62
124884,J015804.75-000835.9 ,29.519855,-0.1433382,CCCC,10,0.5,1,0.5094277,0,1,0.5909901873324088,0.30106677185531816,,5.7,15.21,17.86,11.18,57.9,18.953,19.304,23.3,21.617,20.2571,19.4899,19.1146,20.0,21.0,17.45,17.24,16.59,16.67,14.62
127930,J221845.31+005503.1 ,334.68884,0.9175181,CCCC,10,0.5,1,0.4438925,0,1,0.599464763603919,0.2660979125780526,,5.7,15.21,17.86,11.18,57.9,18.644,19.072,23.3,21.0162,19.5941,18.8749,18.4455,20.0,21.0,17.45,17.24,16.59,16.67,14.62
148902,J224453.35+004616.1 ,341.22232,0.7711422,CCCC,14,0.5,1,0.4607018,0,1,0.6427297056197858,0.29610673229250545,,5.7,15.21,17.86,11.18,57.9,16.832,17.374,19.3342,18.0552,17.0499,16.5992,16.3534,20.0,21.0,16.112,16.038,16.181,16.67,14.62
143404,J004919.60-000810.6 ,12.331693,-0.1363009,CCCC,14,0.5,1,0.3940117,0,1,0.48305084745743443,0.19032768559314442,,5.7,15.21,17.86,11.18,57.9,17.663,18.121,20.2045,18.9316,17.7775,17.2672,17.0117,20.0,21.0,16.82,16.6,16.59,16.67,14.62
147273,J222659.73+002852.7 ,336.7489,0.4812933,CCCC,10,0.5,1,0.3645287,0,1,0.5981266726130343,0.218034338402955,,5.7,15.21,17.86,11.18,57.9,19.055,19.292,23.3,21.4318,20.1495,19.5109,19.1388,20.0,21.0,17.45,17.24,16.59,16.67,14.62
130965,J012233.72+005506.6 ,20.640532,0.9185261,CCCC,11,0.5,1,0.6757431,0,1,0.599464763603919,0.40508417769847943,,5.7,15.21,17.86,11.18,57.9,18.631,18.981,21.9244,20.6474,19.245,18.5838,18.2409,20.0,21.0,17.45,17.24,16.59,16.67,14.62
156864,J020256.27+003750.3 ,30.734488,0.6306573,CCCC,11,0.5,1,0.3756675,0,1,0.598572702943784,0.22486431088313394,,5.7,15.21,17.86,11.18,57.9,19.01,19.464,22.3511,20.9962,19.6238,18.949,18.6336,20.0,21.0,17.45,17.24,16.59,16.67,14.62
156158,J221304.05+011650.5 ,333.26688,1.2806917,CCCC,10,0.5,1,0.5690308,1,1,0.6467439785901661,0.36801724353234505,,5.7,15.21,15.093889,11.18,57.9,19.109,19.439001,23.3,21.4518,20.004,19.3025,18.9665,20.0,21.0,17.45,17.24,16.59,16.67,14.341001
135395,J014840.78-011404.2 ,27.16994,-1.234518,CCCC,14,0.5,1,0.6936732,0,1,0.5847457627114636,0.4056224644065016,,5.7,15.21,17.86,11.18,57.9,14.830999,15.249,23.3,16.8979,15.2833,14.5477,14.1754,20.0,21.0,11.294,11.153,11.435,14.561,14.62
151159,J220557.56-004409.7 ,331.48984,-0.7360616,CCCC,6,0.5,1,0.3122299,0,1,0.5530776092768974,0.17268736663676476,,5.7,15.21,17.86,11.18,57.9,19.341,19.776001,23.3,21.4622,20.0941,19.3787,18.8338,20.0,21.0,17.45,17.24,16.59,16.67,14.62
136159,J021754.39-003523.5 ,34.476654,-0.5898936,CCCC,14,0.5,1,0.3786245,0,1,0.6409455842995158,0.242677701382612,,5.7,15.21,17.86,11.18,57.9,16.655,17.174,19.0941,17.8081,16.7755,16.3087,16.0877,20.0,21.0,15.867,15.731,15.932,16.67,14.62
151723,J225231.02-010246.8 ,343.1293,-1.0463476,CCCC,9,0.5,1,0.4264202,0,1,0.5976806422831942,0.2548630990185281,,5.7,15.21,17.86,11.18,57.9,19.053,19.528,22.2898,21.227,19.8089,19.1073,18.7805,20.0,21.0,17.45,17.24,16.59,16.67,14.62
160455,J221316.14+011703.8 ,333.3173,1.2843806,CCCC,11,0.5,1,0.4304601,0,1,0.5539696699370324,0.238461839518062,,5.7,15.21,17.86,11.18,57.9,19.182,19.592001,21.9905,20.7693,19.5567,18.9279,18.6346,20.0,21.0,17.45,17.24,16.59,16.67,14.62
136746,J223116.41+005514.9 ,337.81842,0.9207866,CCCC,10,0.5,1,0.3835251,0,1,0.5976806422831942,0.22922552809972627,,5.7,15.21,17.86,11.18,57.9,19.199999,19.611,23.3,21.2757,19.7925,19.1065,18.741,20.0,21.0,17.45,17.24,16.59,16.67,14.62
163721,J225734.15+011713.2 ,344.39233,1.2870184,CCCC,14,0.5,1,0.6725384,0,1,0.543710972345707,0.365666507403826,,5.7,15.21,17.86,11.18,57.9,17.227,17.77,19.689,18.442,17.3912,16.9061,16.6807,20.0,21.0,16.43,16.235,16.551,16.67,14.62
163428,J224730.33-010231.4 ,341.87643,-1.0420877,CCCC,11,0.5,1,0.3864139,0,1,0.5807314897410834,0.224402719803662,,5.7,15.21,17.86,11.18,57.9,18.958,19.422,22.0672,20.832,19.47,18.8555,18.5711,20.0,21.0,17.45,17.24,16.59,16.67,14.62
161549,J020432.34+001937.3 ,31.134771,0.3270146,CCCC,14,0.5,1,0.5576028,0,1,0.5878679750217088,0.3277968289024349,,5.7,15.21,17.86,11.18,57.9,17.105999,17.644001,19.6071,18.3416,17.2682,16.7832,16.5536,20.0,21.0,16.312,16.161,16.479,16.67,14.62
147121,J221042.63-001711.4 ,332.67767,-0.2865343,CCCC,14,0.5,1,0.4814622,0,1,0.5892060660121388,0.28368044879554954,,5.7,15.21,17.86,11.18,57.9,16.977,17.599,19.5372,18.2737,17.2192,16.7249,16.4703,20.0,21.0,16.237,15.913,16.192,16.67,14.62
118039,J014551.52+002815.5 ,26.46468,0.4709742,CCCC,11,0.5,1,0.5150004,0,1,0.599464763603919,0.30872459304192373,,5.7,15.21,17.86,11.18,57.9,18.446,18.85,21.8837,20.5824,19.1472,18.4818,18.1306,20.0,21.0,17.45,17.24,16.59,16.67,14.62
167150,J014526.98+003803.9 ,26.36245,0.6344016,CCCC,10,0.5,1,0.4074159,0,1,0.44112399643154276,0.17972093001775377,,5.7,15.21,17.86,11.18,57.9,18.273,18.746,20.7956,19.5415,18.4692,17.9783,17.7528,20.0,21.0,17.45,17.24,16.59,16.67,14.62
162853,J004856.18+010505.8 ,12.234111,1.0849489,CCCC,10,0.5,1,0.6969935,0,1,0.9986619090091153,0.6960608592769448,,5.7,15.21,17.86,11.18,57.9,18.894,19.009,23.3,21.366,20.8071,20.2053,19.748,20.0,21.0,17.45,17.24,16.59,16.262001,14.309
117629,J222857.24+003653.5 ,337.23853,0.614852,CCCC,14,0.5,1,0.5143404,0,1,0.6409455842995158,0.32966420820684667,,5.7,15.21,17.86,11.18,57.9,16.448,17.014,18.9692,17.7044,16.6593,16.1908,15.9539,20.0,21.0,15.663,15.433001,15.844001,16.67,14.62
122807,J004255.69+010409.4 ,10.732058,1.0693108,CCCC,11,0.5,1,0.4357847,0,1,0.5981266726130343,0.2606544525866694,,5.7,15.21,17.86,11.18,57.9,18.666,19.115,21.6753,20.3871,19.0286,18.4207,18.1486,20.0,21.0,17.45,17.24,16.59,16.67,14.62
99416,J231206.05-002653.9 ,348.02524,-0.4483276,CCCC,11,0.5,1,0.3238575,0,1,0.599464763603919,0.1941411596788562,,4.979,15.21,17.86,11.18,57.9,18.67,19.104,21.5242,20.44,19.3877,18.91,18.687,20.0,21.0,17.45,17.24,16.59,16.67,14.62
134361,J225040.29+003717.6 ,342.66794,0.6215667,CCCC,11,0.5,1,0.3350635,0,1,0.9906333630683548,0.3319250818464537,,4.979,15.21,17.86,11.18,57.9,18.534,19.078001,21.5135,20.4609,19.4667,19.01,18.7635,20.0,21.0,17.45,17.24,16.59,16.67,14.258
164028,J225757.77+005550.1 ,344.49075,0.9305954,CCCC,8,0.0,1,0.3289525,0,1,0.5976806422831942,0.19660854148066242,,4.966,15.21,17.86,11.18,57.9,19.826,19.81,23.3,23.2,21.9707,21.2928,21.4,20.0,21.0,17.45,17.24,16.59,16.67,14.62
26330,J013942.12+001638.7 ,24.925537,0.2774308,CCCC,4,0.5,1,0.3346225,0,1,0.5802854594107885,0.19417657114168654,,4.966,15.21,17.86,11.18,57.9,19.71,19.81,23.3,23.2,22.0445,21.3453,21.4,20.0,21.0,17.45,17.24,16.59,16.67,14.62
84792,J005300.99+000832.4 ,13.254171,0.1423328,CCCC,4,0.5,1,0.3528845,0,1,0.5499553969666522,0.19407073528087856,,4.966,15.21,17.86,11.18,57.9,19.855,19.81,23.3,23.2,21.9673,21.2839,21.4,20.0,21.0,17.45,17.24,16.59,16.67,14.62
133829,J020137.06+001857.4 ,30.40448,0.3159493,CCCC,8,0.5,1,0.4291652,0,1,0.5619982158782477,0.24119007671703138,,4.962,15.21,17.86,11.18,57.9,19.668,19.653,23.3,23.2,21.8617,20.9906,21.4,20.0,21.0,17.45,17.24,16.59,16.67,14.62
299736,J220523.21+001331.8 ,331.34674,0.2254889,CCCC,8,0.5,1,0.8879206,0,1,0.599464763603919,0.5322771125780499,,4.958,15.21,17.86,11.18,57.9,19.612,19.072,23.3,23.2,21.8788,21.1095,21.4,20.0,21.0,17.45,17.24,16.59,16.67,14.62
326790,J014210.95+002401.3 ,25.545637,0.4003727,CCCC,8,0.5,1,0.4061737,0,1,0.43487957181059755,0.1766366447367261,,4.958,15.21,17.86,11.18,57.9,19.841,19.81,23.3,23.2,22.0143,21.4387,21.4,20.0,21.0,17.45,17.24,16.59,16.67,14.62
5502,J015741.21+005216.2 ,29.421743,0.8711635,CCCC,8,0.5,1,0.5077309,0,1,0.5829616413911936,0.29598763884902796,,4.958,15.21,17.86,11.18,57.9,19.803,19.81,23.3,23.2,21.9906,21.3993,21.4,20.0,21.0,17.45,17.24,16.59,16.67,14.62
348207,J225155.04-005752.3 ,342.97937,-0.9645347,CCCC,6,0.5,1,0.3206852,0,1,0.5990187332731693,0.19209644228345296,,4.958,15.21,17.86,11.18,57.9,19.694,19.81,23.3,23.2,21.8463,21.1987,21.4,20.0,21.0,17.45,17.24,16.59,16.67,14.62
254903,J220907.28+004009.4 ,332.28036,0.6692682,CCCC,8,0.5,1,0.4353706,0,1,0.5976806422831942,0.26021257983921964,,4.958,15.21,17.86,11.18,57.9,19.765,19.81,23.3,23.2,21.9812,21.3541,21.4,20.0,21.0,17.45,17.24,16.59,16.67,14.62
342340,J225224.60-001219.1 ,343.10257,-0.2053334,CCCC,8,0.5,1,0.3661495,0,1,0.6373773416589756,0.23337539495976312,,4.958,15.21,17.86,11.18,57.9,19.772,19.81,23.3,23.2,21.9151,21.2527,21.4,20.0,21.0,17.45,17.24,16.59,16.62,14.62
302711,J012100.98-005007.5 ,20.254114,-0.835447,CCCC,8,0.5,1,0.4283079,0,1,0.5990187332731693,0.2565644557088913,,4.958,15.21,17.86,11.18,57.9,19.668999,19.81,23.3,23.2,21.9994,21.3851,21.4,20.0,21.0,17.45,17.24,16.59,16.67,14.62
87492,J005555.67+005407.2 ,13.982016,0.9020396,CCCC,8,0.5,1,0.4947909,0,1,0.5013380909899752,0.24805752524521169,,4.958,15.21,17.86,11.18,57.9,19.654999,19.81,23.3,23.2,21.9618,21.6066,21.4,20.0,21.0,17.45,17.24,16.59,16.67,14.62
57387,J220850.14-002756.7 ,332.20895,-0.4657796,CCCC,8,0.5,1,0.3382837,0,1,0.5838537020513286,0.19750819058862104,,4.952,15.21,17.86,11.18,57.9,19.831,19.81,23.3,23.2,21.9612,21.3558,21.4,20.0,21.0,17.45,17.24,16.59,16.67,14.62
244765,J012850.03-004159.0 ,22.208483,-0.6997267,CCCC,8,0.0,1,0.5695263,0,1,0.48528099910754463,0.27638029188202323,,4.949,15.21,17.86,11.18,57.9,19.644999,19.77,23.3,23.2,21.9541,21.5509,21.4,20.0,21.0,17.45,17.24,16.59,16.67,14.62
276075,J231129.70-002314.5 ,347.87378,-0.3873735,CCCC,8,0.5,1,0.4975394,0,1,0.5990187332731693,0.29803542114149273,,4.949,15.21,17.86,11.18,57.9,19.671,19.81,23.3,23.2,21.9042,21.3731,21.4,20.0,21.0,17.45,17.24,16.59,16.67,14.62
194595,J013616.30-005242.7 ,24.067972,-0.8785579,CCCC,8,0.5,1,0.4894747,0,1,0.5976806422831942,0.2925495530773738,,4.949,15.21,17.86,11.18,57.9,19.741999,19.81,23.3,23.2,21.9549,21.4165,21.4,20.0,21.0,17.45,17.24,16.59,16.67,14.62
132855,J224437.27+000934.3 ,341.1553,0.1595285,CCCC,8,0.5,1,0.379802,0,1,0.4469223907221931,0.16974201784107038,,4.892,15.21,17.86,11.18,57.9,19.803999,19.81,23.3,23.2,21.9062,21.373,21.4,20.0,21.0,17.45,17.24,16.59,16.67,14.62
134186,J015838.16+001858.1 ,29.65906,0.3161348,CCCC,8,0.5,1,0.3550613,0,1,0.5026761819799503,0.17848085865283775,,4.892,15.21,17.86,11.18,57.9,19.821999,19.81,23.3,23.2,21.9429,21.3824,21.4,20.0,21.0,17.45,17.24,16.59,16.67,14.62
362761,J013355.11-005728.3 ,23.479652,-0.9578889,CCCC,8,0.5,1,0.4599679,0,1,0.5990187332731693,0.2755293888043198,,4.892,15.21,17.86,11.18,57.9,19.664,19.81,23.3,23.2,21.8918,21.3345,21.4,20.0,21.0,17.45,17.24,16.59,16.67,14.62
171304,J224437.86+001026.8 ,341.15778,0.1741085,CCCC,4,0.5,1,0.3113959,0,1,0.5472792149862471,0.1704205037019359,,4.83,15.21,17.86,11.18,57.9,19.876999,19.81,23.3,23.2,21.8445,21.2435,21.4,20.0,21.0,17.45,17.24,16.59,16.67,14.62
88941,J222707.01+002737.4 ,336.77924,0.4603913,CCCC,4,0.5,1,0.3436656,0,1,0.5481712756463821,0.18838761034777932,,4.83,15.21,17.86,11.18,57.9,19.762,19.81,23.3,23.2,21.8118,21.2666,21.4,20.0,21.0,17.45,17.24,16.59,16.67,14.62
339948,J231042.11+002429.3 ,347.67548,0.4081403,CCCC,4,0.5,1,0.3421422,0,1,0.5798394290809483,0.19838753791249963,,4.83,15.21,17.86,11.18,57.9,19.684,19.81,23.3,23.2,21.8488,21.2675,21.4,20.0,21.0,17.45,17.24,16.59,16.67,14.62
141254,J230107.40+002844.9 ,345.28088,0.4791453,CCCC,8,0.5,1,0.394663,0,1,0.5575379125775726,0.22003958519160252,,4.805,15.21,17.86,11.18,57.9,19.671,19.81,23.3,23.2,21.8149,21.4036,21.4,20.0,21.0,17.45,17.24,16.59,16.67,14.62
299436,J012611.43+005849.2 ,21.547646,0.9803612,CCCC,8,0.5,1,0.4516899,0,1,0.4995539696697051,0.22564348260471212,,4.805,15.21,17.86,11.18,57.9,19.661,19.81,23.3,23.2,21.8258,21.3711,21.4,20.0,21.0,17.45,17.24,16.59,16.67,14.62
139902,J224902.31+011600.6 ,342.25964,1.2668447,CCCC,11,0.5,1,0.3442534,0,1,0.5976806422831942,0.20575359322017334,,4.745,15.21,17.86,11.18,57.9,18.557,19.178,20.8313,19.5932,18.6639,18.2273,17.9875,20.0,21.0,17.45,17.24,16.59,16.67,14.398
196419,J231440.12+003846.3 ,348.66718,0.6462192,CCCC,4,0.5,1,0.463577,0,1,0.44424620874224274,0.20594232471010268,,4.726,15.21,17.86,11.18,57.9,19.532999,19.676,23.3,23.2,21.7795,21.3844,21.4,20.0,21.0,17.45,17.24,16.59,16.67,14.62
235030,J221207.25+001153.0 ,333.03027,0.1980537,CCCC,12,0.5,1,0.3670779,0,1,0.601248884924189,0.22070517805531298,,4.7,15.21,17.86,11.18,57.9,18.833,18.655,23.3,23.2,16.9214,16.7369,21.4,20.0,21.0,15.1779995,15.178,15.652,16.67,14.62
350720,J005428.33+004242.4 ,13.618092,0.7117703,CCCC,8,0.5,1,0.8790233,1,1,0.7399643175731399,0.6504458763153893,,4.691,15.21,17.266968,11.18,57.9,19.609999,19.035,23.3,23.2,21.3749,20.8872,21.4,20.0,21.0,17.45,17.24,16.59,16.555,14.62
101416,J010251.62+005427.6 ,15.715122,0.9076889,CCCC,8,0.5,1,0.4405684,0,1,0.5892060660121388,0.25958557377326236,,4.68,15.21,17.86,11.18,57.9,19.472,19.608,23.3,23.2,21.6489,21.3466,21.4,20.0,21.0,17.45,17.24,16.59,16.67,14.62
334465,J221010.47+000530.1 ,332.54367,0.0916784,CCCC,5,0.5,1,0.39033,0,1,0.5776092774308381,0.22545822925957906,,4.647,15.21,17.86,11.18,57.9,19.790998,19.81,23.3,22.1631,21.5343,21.0497,21.4,20.0,21.0,17.45,17.24,16.59,16.67,14.62
355996,J231258.54-000309.8 ,348.24393,-0.0527392,CCCC,4,0.5,1,0.406032,0,1,0.5655664585187878,0.22963808028530047,,4.643,15.21,17.86,11.18,57.9,19.597,19.81,23.3,23.2,21.8497,21.5424,21.4,20.0,21.0,17.45,17.24,16.59,16.67,14.62
92989,J224147.25+000843.1 ,340.4469,0.1453169,CCCC,9,0.5,1,0.3936955,0,1,0.49107939339819495,0.19333574732359904,,4.629,15.21,17.86,11.18,57.9,19.88,19.81,23.3,21.9042,21.0702,20.672,21.4,20.0,21.0,17.45,17.24,16.59,16.67,14.408
335623,J225219.72-002139.6 ,343.0822,-0.3610279,CCCC,9,0.5,1,0.6646007,0,1,0.6016949152540292,0.3998868618642685,,4.625,15.21,17.86,11.18,57.9,19.918,19.81,23.3,21.0476,20.0797,20.6351,21.4,20.0,21.0,17.45,17.24,16.59,16.67,14.125
312521,J230943.59-003116.6 ,347.43167,-0.52131,CCCC,5,0.5,1,0.4659922,0,1,0.48528099910754463,0.22613716039232276,,4.616,15.21,17.86,11.18,57.9,20.026999,19.81,23.3,21.9655,20.9224,21.1239,21.4,20.0,21.0,17.45,17.24,16.59,16.67,14.62
169326,J224615.35+011729.2 ,341.564,1.2914431,CCCC,9,0.0,1,0.326816,0,1,0.5918822479925439,0.19343658875993122,,4.613,15.21,17.86,11.18,57.9,19.501,19.81,23.3,21.7698,20.926,20.4223,21.4,20.0,21.0,17.45,17.24,16.59,16.565,14.299
155243,J221046.71-005345.1 ,332.69464,-0.8958804,CCCC,10,0.5,1,0.4756177,0,1,0.4843889384474096,0.2303839528097985,,4.61,15.21,17.86,11.18,57.9,19.982,19.81,23.3,21.2185,20.4309,20.8499,21.4,20.0,21.0,17.45,17.24,16.59,16.67,14.62
117198,J013041.06+010401.4 ,22.671133,1.0670784,CCCC,8,0.5,1,0.3556698,0,1,0.7301516503121093,0.25969289143617785,,4.61,15.21,17.86,11.18,57.9,19.767,19.719,23.3,23.2,21.5607,20.9205,21.4,20.0,21.0,17.45,17.24,16.59,16.67,14.62
123780,J230552.93-000837.4 ,346.47058,-0.1437667,CCCC,9,0.5,1,0.4914731,0,1,0.5383586083853515,0.26458877417483473,,4.61,15.21,17.86,11.18,57.9,19.706999,19.81,23.3,22.0252,21.4207,21.083,21.4,20.0,21.0,17.45,17.24,16.59,16.67,14.62
91799,J225255.70-000032.6 ,343.23215,-0.0090742,CCCC,9,0.5,1,0.4301286,0,1,0.5459411239962719,0.23482489134694287,,4.61,15.21,17.86,11.18,57.9,19.699999,19.81,23.3,22.0665,21.4227,21.0032,21.4,20.0,21.0,17.45,17.24,16.59,16.67,14.62
116131,J224433.39+004536.6 ,341.13916,0.7601761,CCCC,9,0.5,1,0.4201216,0,1,0.5887600356818439,0.24735080820671332,,4.61,15.21,17.86,11.18,57.9,19.973999,19.81,23.3,21.3431,20.4729,20.8483,21.4,20.0,21.0,17.45,17.24,16.59,16.67,14.62
65538,J224641.72+002703.7 ,341.6739,0.451022,CCCC,5,0.5,1,0.4481005,0,1,0.5785013380905184,0.25922673884903036,,4.61,15.21,17.86,11.18,57.9,20.13,19.81,23.3,21.2302,20.4573,20.9747,21.4,20.0,21.0,17.45,17.24,16.59,16.67,14.62
191892,J014937.91-010152.5 ,27.407984,-1.0312834,CCCC,5,0.5,1,0.3362431,0,1,0.520071364852356,0.17487040793918726,,4.608,15.21,17.86,11.18,57.9,19.665998,19.81,23.3,21.283,20.5244,20.7049,21.4,20.0,21.0,17.45,17.24,16.59,16.67,14.62
227960,J231258.97-001523.2 ,348.24573,-0.2564506,CCCC,4,0.5,1,0.6288652,0,1,0.6409455842995158,0.40306837305963183,,4.603,15.21,17.86,11.18,57.9,20.13,19.81,23.3,23.2,21.1132,21.2322,21.4,20.0,21.0,17.45,17.24,16.59,16.67,14.62
7131,J020443.00-011954.9 ,31.179205,-1.3319516,CCCC,4,0.0,1,0.6383252,0,1,0.6427297056197858,0.41027056788569094,,4.595,15.21,17.86,11.18,57.9,20.13,19.81,23.3,23.2,21.1363,21.2424,21.4,20.0,21.0,17.45,17.24,16.59,16.67,14.62
204330,J225144.45-010134.4 ,342.93524,-1.0262469,CCCC,8,0.5,1,0.4731178,0,1,0.5829616413911936,0.2758095292593904,,4.59,15.21,17.86,11.18,57.9,19.632,19.81,23.3,21.5903,20.9723,20.4722,21.4,20.0,21.0,17.45,17.24,16.59,16.67,13.966001
309040,J005120.97+005006.7 ,12.837407,0.835201,CCCC,4,0.5,1,0.3279227,0,1,0.5704727921497579,0.18707097827828742,,4.587,15.21,17.86,11.18,57.9,19.507,19.81,23.3,23.2,21.6284,21.3991,21.4,20.0,21.0,17.45,17.24,16.59,16.67,14.62
131797,J225111.78-005418.8 ,342.7991,-0.90523,CCCC,7,0.5,1,0.4336718,0,1,0.644959857269896,0.2797009022299789,,4.587,15.21,17.86,11.18,57.9,19.584,19.81,23.3,23.2,21.6221,21.3945,21.4,20.0,21.0,17.45,17.24,16.59,16.67,14.440001
267032,J221251.62-001436.6 ,333.21512,-0.2435327,CCCC,4,0.0,1,0.3525503,0,1,0.5686886708294878,0.20049136150753716,,4.587,15.21,17.86,11.18,57.9,19.505999,19.81,23.3,23.2,21.6061,21.3685,21.4,20.0,21.0,17.45,17.24,16.59,16.67,14.62
317019,J011524.90-000426.3 ,18.853779,-0.0740032,CCCC,9,0.5,1,0.3518087,0,1,0.4335414808206224,0.1525236647635781,,4.584,15.21,17.86,11.18,57.9,19.296,19.489,23.3,21.3648,20.7017,20.4446,21.4,20.0,21.0,17.45,17.24,16.59,16.67,14.62
192501,J013353.31-010151.5 ,23.472181,-1.031001,CCCC,9,0.5,1,0.3533741,0,1,0.49776984834943505,0.1758989721676181,,4.584,15.21,17.86,11.18,57.9,19.762,19.81,23.3,21.6386,20.9173,20.8819,21.4,20.0,21.0,17.45,17.24,16.59,16.67,14.62
122478,J021715.47-004450.3 ,34.31449,-0.7473343,CCCC,10,0.5,1,0.6923009,0,1,0.46342551293446377,0.3208298996874909,,4.582,15.21,17.86,11.18,57.9,20.115,19.81,23.3,21.6825,21.057,21.3693,21.4,20.0,21.0,17.45,17.24,16.59,16.67,14.62
339220,J224103.26-004841.6 ,340.26364,-0.8115927,CCCC,5,0.5,1,0.3570842,0,1,0.5990187332731693,0.21390012515586307,,4.582,15.21,17.86,11.18,57.9,19.939,19.81,23.3,21.2856,20.6263,20.5925,21.4,20.0,21.0,17.45,17.24,16.59,16.67,14.62
226914,J224750.72+003929.7 ,341.9614,0.6582398,CCCC,8,0.5,1,0.4146482,0,1,0.9460303300620581,0.3922697735056383,,4.579,15.21,17.86,11.18,57.9,19.82,19.81,23.3,23.2,21.779,21.5747,21.4,20.0,21.0,17.45,17.24,16.59,16.172,14.62
342463,J015252.88-001219.1 ,28.220377,-0.2053208,CCCC,9,0.5,1,0.3224372,0,1,0.5655664585187878,0.18235966529871409,,4.579,15.21,17.86,11.18,57.9,19.796,19.81,23.3,21.7089,21.0777,20.933,21.4,20.0,21.0,17.45,17.24,16.59,16.67,14.62
331710,J222513.83-002147.1 ,336.30765,-0.3631154,CCCC,8,0.5,1,0.3295668,0,1,0.4848349687777045,0.15978550918816797,,4.579,15.21,17.86,11.18,57.9,20.13,19.81,23.3,23.2,21.1763,21.2146,21.4,20.0,21.0,17.45,17.24,16.59,16.67,14.62
33018,J224817.76-003747.2 ,342.07404,-0.6297981,CCCC,8,0.5,1,0.5002221,0,1,0.9959857270287102,0.4982140719443282,,4.579,15.21,17.86,11.18,57.9,19.776,19.81,23.3,23.2,21.6956,21.5511,21.4,20.0,21.0,17.45,17.24,16.59,16.034,14.204
229101,J013151.33+000243.0 ,22.96392,0.0452898,CCCC,10,0.5,1,0.4378413,0,1,0.48528099910754463,0.21247606351454618,,4.575,15.21,17.86,11.18,57.9,19.657999,19.81,23.3,21.3537,20.741,20.8684,21.4,20.0,21.0,17.45,17.24,16.59,16.67,14.62
36469,J224647.93-010540.0 ,341.69974,-1.0944833,CCCC,9,0.5,1,0.5438799,0,1,0.6101694915250846,0.33185892203371387,,4.575,15.21,17.86,11.18,57.9,19.857,19.81,23.3,22.0884,21.4457,21.0942,21.4,20.0,21.0,17.45,17.24,16.59,16.67,14.62
172443,J011232.23-011243.0 ,18.134342,-1.21197,CCCC,9,0.5,1,0.5066841,0,1,0.4393398751112727,0.2226065292148676,,4.575,15.21,17.86,11.18,57.9,19.376999,19.536001,23.3,21.638,20.9967,20.7089,21.4,20.0,21.0,17.45,17.24,16.59,16.67,14.62
101733,J221910.18+004518.8 ,334.79245,0.7552357,CCCC,9,0.5,1,0.4131472,0,1,0.5990187332731693,0.24748291239935674,,4.574,15.21,17.86,11.18,57.9,19.97,19.81,23.3,21.4617,20.8196,20.9128,21.4,20.0,21.0,17.45,17.24,16.59,16.67,14.62
100695,J012435.94+011432.1 ,21.149794,1.2422625,CCCC,9,0.5,1,0.3133569,0,1,0.5811775200709235,0.18211598603911236,,4.574,15.21,17.86,11.18,57.9,19.585,19.81,23.3,21.4429,20.8139,20.9807,21.4,20.0,21.0,17.45,17.24,16.59,16.67,14.62
221323,J020944.02+002104.8 ,32.433456,0.3513384,CCCC,9,0.0,1,0.4844511,0,1,0.46342551293446377,0.22450699950916522,0.64806,4.574,15.21,17.86,11.18,57.9,20.13,19.81,23.3,21.3879,20.781,21.0119,21.4,20.0,21.0,17.45,17.24,16.59,16.67,14.62
364473,J005117.62-002937.1 ,12.823447,-0.4936596,CCCC,9,0.5,1,0.4679062,0,1,0.5990187332731693,0.2802845792146622,,4.563,15.21,17.86,11.18,57.9,19.878,19.81,23.3,22.2344,21.5151,21.0947,21.4,20.0,21.0,17.45,17.24,16.59,16.67,14.62
315302,J013848.73+002335.5 ,24.70306,0.3932038,CCCC,4,0.5,1,0.5753556,0,1,0.5990187332731693,0.3446487826936243,,4.563,15.21,17.86,11.18,57.9,19.925,19.81,23.3,23.2,21.2209,21.2468,21.4,20.0,21.0,17.45,17.24,16.59,16.67,14.62
334951,J004306.65-010746.8 ,10.777741,-1.1296974,CCCC,8,0.0,1,0.504293,0,1,0.567796610168898,0.2863358559319041,,4.563,15.21,17.86,11.18,57.9,19.848,19.81,23.3,23.2,21.266,21.2344,21.4,20.0,21.0,17.45,17.24,16.59,16.67,14.62
143983,J230811.67+011613.0 ,347.04868,1.2702779,CCCC,9,0.0,1,0.3937074,0,1,0.4763603925066491,0.18754661159677227,,4.558,15.21,17.86,11.18,57.9,19.946,19.81,23.3,22.1024,21.3986,21.0287,21.4,20.0,21.0,17.45,17.24,16.59,16.67,14.62
54895,J012047.41+004418.8 ,20.197548,0.7385622,CCCC,8,0.5,1,0.3533251,0,1,0.574041034790298,0.20282310602138554,,4.557,15.21,17.86,11.18,57.9,20.067,19.81,23.3,23.2,21.2091,21.2455,21.4,20.0,21.0,17.45,17.24,16.59,16.67,14.62
356616,J013738.95-002951.9 ,24.412334,-0.4977623,CCCC,4,0.5,1,0.50294,0,1,0.5851917930417585,0.29431636039242204,,4.557,15.21,17.86,11.18,57.9,20.13,19.81,23.3,23.2,21.3415,21.2427,21.4,20.0,21.0,17.45,17.24,16.59,16.67,14.62
323865,J010717.90+002355.5 ,16.824593,0.398753,CCCC,4,0.5,1,0.5888461,0,1,0.6396074933090858,0.3766303779658313,,4.557,15.21,17.86,11.18,57.9,20.13,19.81,23.3,23.2,21.3001,21.2412,21.4,20.0,21.0,17.45,17.24,16.59,16.67,14.62
41321,J012702.10+002626.2 ,21.758804,0.4406296,CCCC,4,0.5,1,0.4975483,0,1,0.447368421052488,0.2225873973683496,,4.557,15.21,17.86,11.18,57.9,20.13,19.81,23.3,23.2,21.3345,21.208,21.4,20.0,21.0,17.45,17.24,16.59,16.67,14.62
17259,J014607.16-005654.7 ,26.529884,-0.9485418,CCCC,4,0.5,1,0.5694986,0,1,0.5918822479925439,0.3370761115966065,,4.557,15.21,17.86,11.18,57.9,20.13,19.81,23.3,23.2,21.217,21.2086,21.4,20.0,21.0,17.45,17.24,16.59,16.67,14.62
18929,J014131.83-005652.8 ,25.38268,-0.9480494,CCCC,4,0.5,1,0.5474447,0,1,0.4674397859052988,0.25589743336299053,,4.557,15.21,17.86,11.18,57.9,20.13,19.81,23.3,23.2,21.2537,21.2246,21.4,20.0,21.0,17.45,17.24,16.59,16.67,14.62
30024,J013107.26+003458.4 ,22.780272,0.5829097,CCCC,8,0.5,1,0.3851933,0,1,0.4469223907221931,0.17215151052617095,,4.557,15.21,17.86,11.18,57.9,20.014,19.81,23.3,23.2,21.2294,21.2107,21.4,20.0,21.0,17.45,17.24,16.59,16.67,14.62
168975,J222758.15-000740.9 ,336.9923,-0.1280575,CCCC,4,0.5,1,0.3488455,0,1,0.6436217662799208,0.2245245568688021,,4.547,15.21,17.86,11.18,57.9,20.085,19.81,23.3,23.2,21.2488,20.9753,21.4,20.0,21.0,17.45,17.24,16.59,16.67,14.62
305229,J004258.09+010847.6 ,10.742092,1.1465844,CCCC,9,0.5,1,0.3669454,0,1,0.45004460303289306,0.16514179687774616,,4.547,15.21,17.86,11.18,57.9,20.13,19.81,23.3,22.1203,21.3007,20.9625,21.4,20.0,21.0,17.45,17.24,16.59,16.67,14.503
244121,J005223.56+012249.4 ,13.098219,1.3804027,CCCC,5,0.0,1,0.4276477,0,1,0.4469223907221931,0.19112533247084723,,4.546,15.21,17.86,11.18,57.9,19.942,19.81,23.3,22.1373,21.2867,21.0064,21.4,20.0,21.0,17.45,17.24,16.59,16.67,14.62
207900,J224425.71+004740.7 ,341.10715,0.7946461,CCCC,5,0.5,1,0.3296672,0,1,0.43487957181059755,0.14336553077599862,,4.544,15.21,17.86,11.18,57.9,19.703,19.81,23.3,21.9196,21.2169,20.9753,21.4,20.0,21.0,17.45,17.24,16.59,16.67,14.62
254705,J005338.95+004849.3 ,13.41234,0.8137095,CCCC,5,0.5,1,0.582674,0,1,0.5682426404996477,0.33110021231049175,,4.544,15.21,17.86,11.18,57.9,19.963999,19.81,23.3,21.9794,21.2661,21.2551,21.4,20.0,21.0,17.45,17.24,16.59,16.67,14.62
321248,J224714.78-003059.2 ,341.8116,-0.5164708,CCCC,9,0.5,1,0.550511,0,1,0.6181980374662999,0.3403248198036102,,4.544,15.21,17.86,11.18,57.9,19.636,19.61,23.3,21.8387,21.1837,20.8144,21.4,20.0,21.0,17.45,17.24,16.59,16.546,14.62
208153,J221007.73-005221.1 ,332.53226,-0.8725422,CCCC,9,0.5,1,0.5160488,0,1,0.5802854594107885,0.29945561498638607,,4.54,15.21,17.86,11.18,57.9,19.969,19.81,23.3,22.1209,21.4809,21.0999,21.4,20.0,21.0,17.45,17.24,16.59,16.67,14.62
297067,J220829.82-005018.6 ,332.1243,-0.8385118,CCCC,5,0.5,1,0.326184,0,1,0.6289027653874655,0.20513801962514502,,4.54,15.21,17.86,11.18,57.9,19.946,19.81,23.3,21.9569,21.2379,20.9472,21.4,20.0,21.0,17.45,17.24,16.59,16.67,14.62
338529,J004130.69-005809.3 ,10.377924,-0.9692695,CCCC,9,0.5,1,0.4229365,0,1,0.5236396074928962,0.2214663028544193,,4.54,15.21,17.86,11.18,57.9,19.889,19.81,23.3,22.0598,21.4167,20.9612,21.4,20.0,21.0,17.45,17.24,16.59,16.67,14.62
27867,J230333.24+000716.7 ,345.88852,0.121293,CCCC,5,0.0,1,0.4625165,0,1,0.5905441570021139,0.2731364165920682,,4.54,15.21,17.86,11.18,57.9,19.972,19.81,23.3,22.0795,21.4496,21.1038,21.4,20.0,21.0,17.45,17.24,16.59,16.67,14.62
174121,J012039.81-005315.2 ,20.165895,-0.8875853,CCCC,9,0.5,1,0.5114589,0,1,0.5945584299729489,0.30409220057969155,,4.54,15.21,17.86,11.18,57.9,19.896,19.81,23.3,22.1123,21.5046,21.0535,21.4,20.0,21.0,17.45,17.24,16.59,16.67,14.62
256715,J010934.48-001447.9 ,17.393673,-0.2466652,CCCC,9,0.5,1,0.5042172,0,1,0.5816235504012184,0.2932645980373612,,4.54,15.21,17.86,11.18,57.9,19.914999,19.81,23.3,22.134,21.4844,21.0532,21.4,20.0,21.0,17.45,17.24,16.59,16.67,14.62
9853,J222514.75+003435.3 ,336.3115,0.576471,CCCC,9,0.5,1,0.4690796,0,1,0.5410347903653019,0.25378838305063967,,4.54,15.21,17.86,11.18,57.9,19.953999,19.81,23.3,22.1121,21.4424,21.0195,21.4,20.0,21.0,17.45,17.24,16.59,16.67,14.62
348134,J020507.51+011033.9 ,31.28133,1.1760896,CCCC,9,0.5,1,0.4495058,0,1,0.5789473684208133,0.2602401999998924,,4.54,15.21,17.86,11.18,57.9,19.817999,19.81,23.3,22.1091,21.466,20.9856,21.4,20.0,21.0,17.45,17.24,16.59,16.67,14.62
338774,J012155.55-003025.8 ,20.481512,-0.5071834,CCCC,9,0.5,1,0.325615,0,1,0.5811775200709235,0.18924011819789374,,4.54,15.21,17.86,11.18,57.9,19.924,19.81,23.3,22.0098,21.3392,20.9754,21.4,20.0,21.0,17.45,17.24,16.59,16.67,14.62
248858,J230702.53+002147.2 ,346.7606,0.3631146,CCCC,5,0.5,1,0.4799114,0,1,0.43532560214089244,0.20891771917927868,,4.538,15.21,17.86,11.18,57.9,20.064,19.81,23.3,22.09,21.4248,21.1217,21.4,20.0,21.0,17.45,17.24,16.59,16.67,14.62
250230,J004715.66+002148.9 ,11.815264,0.3635794,CCCC,10,0.5,1,0.5051436,0,1,0.5606601248882725,0.2832138738625116,,4.512,15.21,17.86,11.18,57.9,19.934,19.81,23.3,22.1242,21.5143,21.0999,21.4,20.0,21.0,17.45,17.24,16.59,16.67,14.62
