,Name,RA_ICRS,DE_ICRS,TYPE,band_num,class,pred_class,Score_AGN,radio_detect,pred_radio,scaled_score_radio,scaled_score_rAGN,Z,pred_Z,Total_flux_VLASS,Sint_LOFAR,Stotal_TGSS,FEP,TotalFlux_LoLSS,W1mproPM,W2mproPM,gmag,rmag,imag,zmag,ymag,FUVmag,NUVmag,Jmag,Hmag,Kmag,W3mag,W4mag
4948513,J131347.24+544011.3 ,198.44682,54.669807,CCCC,10,0.5,1,0.5933182,0,1,0.5026761819799503,0.2982469274752166,,5.524,15.21,17.52,11.18,57.9,12.91,20.119,19.81,22.3567,21.5417,21.3186,20.5132,21.4,20.0,21.0,17.45,17.24,16.59,16.67,14.62
5194516,J130821.47+562035.3 ,197.08948,56.343147,CCCC,10,0.5,1,0.5713612,0,1,0.574041034790298,0.3279847744870264,,5.46,15.21,17.52,11.18,57.9,12.91,19.987,19.81,22.5266,21.5442,21.2536,20.4537,21.4,20.0,21.0,17.45,17.24,16.59,16.67,14.62
4566877,J130322.53+511904.9 ,195.84386,51.318024,CCCC,6,0.5,1,0.4410309,0,1,0.48528099910754463,0.2140239157892996,,5.304,15.21,17.52,11.18,57.9,12.91,20.13,19.81,22.3536,21.5607,21.2489,20.5043,21.4,20.0,21.0,17.45,17.24,16.59,16.67,14.62
5124835,J130836.94+554819.5 ,197.15393,55.805412,CCCC,6,0.5,1,0.3979665,0,1,0.445138269401923,0.1771501190899404,,5.303,15.21,17.52,11.18,57.9,12.91,20.13,19.81,22.3398,21.6049,21.3044,20.6329,21.4,20.0,21.0,17.45,17.24,16.59,16.67,14.62
825271,J140950.70+534956.9 ,212.46127,53.832474,CCCC,6,0.5,1,0.338421,0,1,0.5664585191789229,0.19170145851905027,,5.295,15.21,17.52,11.18,57.9,12.91,20.108,19.81,22.314,21.5262,21.2325,20.608,21.4,20.0,21.0,17.45,17.24,16.59,16.67,14.62
6630523,J123428.46+530827.8 ,188.6186,53.141064,CCCC,6,0.5,1,0.3582648,0,1,0.4290811775194925,0.15372468224778546,,5.295,15.21,17.52,11.18,57.9,12.91,20.116999,19.81,22.3487,21.5683,21.1559,20.6164,21.4,20.0,21.0,17.45,17.24,16.59,16.67,14.62
5652540,J124817.93+560335.4 ,192.07468,56.059826,CCCC,6,0.5,1,0.3583162,0,1,0.5026761819799503,0.18011701935756427,,5.29,15.21,17.52,11.18,57.9,12.91,20.13,19.81,22.3168,21.5821,21.2229,20.6187,21.4,20.0,21.0,17.45,17.24,16.59,16.67,14.62
3530195,J131844.61+513908.5 ,199.68585,51.652378,CCCC,6,0.5,1,0.3278708,0,1,0.4362176628010275,0.14302303407670314,,5.284,15.21,17.52,11.18,57.9,12.91,20.045,19.81,22.4234,21.5292,21.0966,20.5507,21.4,20.0,21.0,17.45,17.24,16.59,16.67,14.62
6473182,J123605.48+523422.4 ,189.02284,52.572895,CCCC,6,0.5,1,0.3400459,0,1,0.4906333630683548,0.16683786351460547,,5.281,15.21,17.52,11.18,57.9,12.91,20.13,19.81,22.2252,21.4813,21.1152,20.6218,21.4,20.0,21.0,17.45,17.24,16.59,16.67,14.62
5118355,J121421.77+554218.4 ,183.5907,55.705112,CCCC,6,0.5,1,0.3655831,0,1,0.5753791257802732,0.21034888447804218,,5.262,15.21,17.52,11.18,57.9,12.91,20.13,19.81,22.5901,21.647,21.2789,20.6168,21.4,20.0,21.0,17.45,17.24,16.59,16.67,14.62
3056422,J124501.54+553940.0 ,191.25638,55.66112,CCCC,6,0.5,1,0.4836262,0,1,0.49197145405878473,0.23793028483492465,,5.243,15.21,17.52,11.18,57.9,12.91,20.029,19.81,22.5882,21.5132,21.1878,20.5421,21.4,20.0,21.0,17.45,17.24,16.59,16.67,14.62
6193022,J145154.74+552013.9 ,222.97807,55.337193,CCCC,6,0.5,1,0.3807454,0,1,0.5838537020513286,0.22229961132901394,,5.21,15.21,17.52,11.18,57.9,12.91,19.89,19.81,22.325,21.3095,20.9866,20.4942,21.4,20.0,21.0,17.45,17.24,16.59,16.67,14.62
3098739,J132039.13+501720.1 ,200.16306,50.288914,CCCC,10,0.5,1,0.5749256,0,1,0.5851917930417585,0.33644174272960886,,5.206,15.21,17.52,11.18,57.9,12.91,20.13,19.81,22.3532,21.6328,21.3364,20.6177,21.4,20.0,21.0,17.45,17.24,16.59,16.67,14.62
2871674,J131234.28+503842.1 ,198.1428,50.64503,CCCC,10,0.5,1,0.3656691,0,1,0.4429081177518128,0.16195781280099944,,5.187,15.21,17.52,11.18,57.9,12.91,20.025,19.81,22.435,21.6149,21.0761,20.4931,21.4,20.0,21.0,17.45,17.24,16.59,16.67,14.62
1920006,J123716.09+540630.0 ,189.31705,54.108326,CCCC,10,0.5,1,0.4059753,0,1,0.567796610168898,0.23051139915230143,,5.186,15.21,17.52,11.18,57.9,12.91,20.095,19.81,22.4173,21.5986,21.1646,20.5146,21.4,20.0,21.0,17.45,17.24,16.59,16.67,14.62
2693993,J105449.48+483611.5 ,163.70616,48.60321,CCCC,10,0.5,1,0.3717598,0,1,0.5615521855479528,0.2087625281888698,,5.183,15.21,17.52,11.18,57.9,12.91,20.076,19.81,22.2487,21.4849,20.926,20.4432,21.4,20.0,21.0,17.45,17.24,16.59,16.67,14.62
3317518,J145830.20+550604.2 ,224.62584,55.101162,CCCC,10,0.5,1,0.4316599,0,1,0.5615521855479528,0.24239956025841075,,5.18,15.21,17.52,11.18,57.9,12.91,20.078999,19.81,22.4281,21.5474,21.1221,20.5687,21.4,20.0,21.0,17.45,17.24,16.59,16.67,14.62
5875836,J123941.26+494123.7 ,189.92194,49.689934,CCCC,10,0.5,1,0.5029914,0,1,0.44603033006205806,0.22434942016037665,,5.18,15.21,17.52,11.18,57.9,12.91,20.13,19.81,22.546,21.6613,21.3423,20.6101,21.4,20.0,21.0,17.45,17.24,16.59,16.67,14.62
574470,J124704.55+540055.9 ,191.76895,54.01553,CCCC,10,0.5,1,0.5646725,0,1,0.570026761819463,0.32187843666350074,,5.169,15.21,17.52,11.18,57.9,12.91,20.008999,19.81,22.1348,21.2908,20.9812,20.4556,21.4,20.0,21.0,17.45,17.24,16.59,16.67,14.62
4829445,J130320.29+544547.5 ,195.8346,54.763187,CCCC,10,0.5,1,0.513102,0,1,0.5802854594107885,0.29774562979459435,,5.165,15.21,17.52,11.18,57.9,12.91,19.970999,19.81,22.1274,21.2976,20.9651,20.4531,21.4,20.0,21.0,17.45,17.24,16.59,16.67,14.62
5152328,J130511.22+555901.1 ,196.29678,55.983643,CCCC,10,0.5,1,0.4837333,0,1,0.46030330062421854,0.22266403461184528,,5.164,15.21,17.52,11.18,57.9,12.91,19.998,19.81,22.3262,21.4477,21.0895,20.5256,21.4,20.0,21.0,17.45,17.24,16.59,16.67,14.62
1629624,J124931.25+553427.1 ,192.38017,55.57419,CCCC,10,0.5,1,0.406197,1,1,0.4892952720779249,0.19875027163223685,,5.162,15.21,15.823878,11.18,57.9,12.91,19.899,19.81,21.9529,21.1867,20.9611,20.3853,21.4,20.0,21.0,17.45,17.24,16.59,16.67,14.62
6328478,J132420.48+502450.5 ,201.08534,50.41403,CCCC,10,0.5,1,0.4754139,0,1,0.5664585191789229,0.26930225379107653,,5.162,15.21,17.52,11.18,57.9,12.91,19.973,19.81,22.319,21.4487,21.0803,20.5149,21.4,20.0,21.0,17.45,17.24,16.59,16.67,14.62
6180222,J132755.63+525935.8 ,201.98183,52.99329,CCCC,10,0.5,1,0.4911164,0,1,0.5802854594107885,0.28498770579817256,,5.159,15.21,17.52,11.18,57.9,12.91,19.953999,19.81,22.1295,21.31,20.9592,20.4521,21.4,20.0,21.0,17.45,17.24,16.59,16.67,14.62
6149470,J123528.43+504601.9 ,188.86848,50.767185,CCCC,10,0.5,1,0.4588062,0,1,0.4469223907221931,0.20505076378216466,,5.157,15.21,17.52,11.18,57.9,12.91,20.13,19.81,22.7316,21.6061,21.3352,20.6301,21.4,20.0,21.0,17.45,17.24,16.59,16.67,14.62
2688931,J132245.76+524959.6 ,200.69069,52.833225,CCCC,10,0.5,1,0.4786618,0,1,0.43755575379100264,0.20944122470995816,,5.157,15.21,17.52,11.18,57.9,12.91,20.112,19.81,22.3242,21.4896,21.0911,20.6126,21.4,20.0,21.0,17.45,17.24,16.59,16.67,14.62
6253208,J143956.57+535158.9 ,219.98572,53.866375,CCCC,10,0.5,1,0.5483377,0,1,0.5802854594107885,0.3181923941567551,,5.154,15.21,17.52,11.18,57.9,12.91,20.008999,19.81,22.4428,21.5242,21.2234,20.5356,21.4,20.0,21.0,17.45,17.24,16.59,16.67,14.62
5032368,J131624.77+551934.2 ,199.10321,55.326176,CCCC,10,0.5,1,0.3790864,0,1,0.4290811775194925,0.16265883889362534,,5.15,15.21,17.52,11.18,57.9,12.91,20.026,19.81,22.4871,21.5091,21.0184,20.5417,21.4,20.0,21.0,17.45,17.24,16.59,16.67,14.62
2501556,J131204.00+493523.8 ,198.01663,49.589966,CCCC,10,0.5,1,0.5545173,1,1,0.4848349687777045,0.268849377832197,,5.14,15.21,17.152575,11.18,57.9,12.91,20.003,19.81,22.3876,21.4014,21.0747,20.4777,21.4,20.0,21.0,17.45,17.24,16.59,16.67,14.62
3207639,J145329.36+521611.3 ,223.37231,52.269814,CCCC,9,0.5,1,0.3334554,0,1,0.445138269401923,0.14843375967872602,,5.134,15.21,17.52,11.18,57.9,12.91,20.074999,19.81,23.3,21.8851,21.5942,20.8648,21.4,20.0,21.0,17.45,17.24,16.59,16.67,14.62
4741773,J130933.70+544630.5 ,197.39044,54.775143,CCCC,10,0.5,1,0.3905858,0,1,0.43532560214089244,0.17003199857268217,,5.124,15.21,17.52,11.18,57.9,12.91,19.848999,19.81,21.9423,21.1358,20.7906,20.3039,21.4,20.0,21.0,17.45,17.24,16.59,16.67,14.62
3753951,J132241.27+542244.6 ,200.67195,54.37906,CCCC,10,0.5,1,0.478186,0,1,0.5624442462080879,0.2689529643172607,,5.11,15.21,17.52,11.18,57.9,12.91,19.904999,19.81,22.273,21.2646,20.9395,20.3796,21.4,20.0,21.0,17.45,17.24,16.59,16.67,14.62
925218,J135733.90+481557.2 ,209.39122,48.265907,CCCC,7,0.5,1,0.3848048,0,1,0.5981266726130343,0.23016201462952415,-0.00011,5.068,15.21,17.52,11.18,57.9,12.91,18.687,19.003,22.3392,20.8451,19.6781,19.0977,18.7854,20.0,21.0,17.45,17.24,16.59,16.67,14.62
3360843,J145833.05+520213.2 ,224.63768,52.037,CCCC,10,0.5,1,0.3546871,0,1,0.5802854594107885,0.20581976677058025,,5.053,15.21,17.52,11.18,57.9,12.91,20.008999,19.81,22.7136,21.3122,20.9431,20.4681,21.4,20.0,21.0,17.45,17.24,16.59,16.67,14.62
3048561,J112124.77+551658.9 ,170.35324,55.283054,CCCC,9,0.5,1,0.3619174,1,1,0.6868867082957877,0.2485962515609699,,4.982,15.21,16.787254,11.18,57.9,12.91,20.13,19.81,23.3,21.3402,20.0162,20.9795,21.4,20.0,21.0,17.45,17.24,16.59,15.973,14.62
4840563,J133422.63+475033.4 ,203.59427,47.84263,QX  ,10,1.0,1,0.5624724,1,1,0.46387154326475866,0.26091494023183265,4.958,4.89,15.21,14.5690155,11.18,57.9,12.91,18.984,19.130001,23.3,20.9331,19.6204,19.3061,19.2003,20.0,21.0,17.45,17.24,16.59,16.67,14.62
4893426,J142634.85+543622.9 ,216.64523,54.60637,QR  ,10,1.0,1,0.3501751,1,1,0.45138269402286824,0.15806298001772728,4.848,4.882,14.230618,15.823878,11.18,57.9,12.91,19.569,19.646,23.3,21.4036,19.8529,19.8646,19.7184,20.0,21.0,17.45,17.24,16.59,16.67,14.62
929397,J113658.71+535023.2 ,174.24464,53.83979,CCCC,5,0.5,1,0.3373308,1,1,0.5655664585187878,0.1907829859053095,,4.868,15.21,17.39485,11.18,57.9,12.91,20.13,19.81,23.3,21.1919,19.8531,20.7757,21.4,20.0,21.0,17.45,17.24,16.59,16.67,14.62
5773322,J132816.56+475130.6 ,202.06897,47.858524,CCCC,9,0.5,1,0.4545275,0,1,0.5963425512927643,0.2710540889827219,,4.856,15.21,17.52,11.18,57.9,12.91,19.983,19.81,23.3,21.3485,20.3212,20.9673,21.4,20.0,21.0,17.45,17.24,16.59,16.67,14.62
4334740,J144522.97+542219.8 ,221.34572,54.37219,CCCC,5,0.5,1,0.4365353,0,1,0.565120428188493,0.24669501565539223,,4.851,15.21,17.52,11.18,57.9,12.91,20.13,19.81,23.3,21.2456,20.4172,21.0207,21.4,20.0,21.0,17.45,17.24,16.59,16.67,14.62
1268651,J134321.64+460049.7 ,205.8402,46.01379,CCCC,5,0.5,1,0.3975021,0,1,0.5722569134700279,0.2274733248438544,,4.846,15.21,17.52,11.18,57.9,12.91,20.13,19.81,23.3,21.1882,20.2937,20.8543,21.4,20.0,21.0,17.45,17.24,16.59,16.67,14.62
1066832,J112646.26+551039.7 ,171.69273,55.17771,CCCC,5,0.5,1,0.3658221,0,1,0.5584299732377076,0.20428602551276198,,4.845,15.21,17.52,11.18,57.9,12.91,20.13,19.81,23.3,21.4327,20.4189,21.0022,21.4,20.0,21.0,17.45,17.24,16.59,16.67,14.62
4227058,J113115.09+554311.5 ,172.81291,55.71988,CCCC,9,0.5,1,0.4453885,0,1,0.574041034790298,0.25567127542369866,,4.826,15.21,17.52,11.18,57.9,12.91,20.13,19.81,23.3,21.5854,20.1305,21.1465,21.4,20.0,21.0,17.45,17.24,16.59,16.67,14.62
3345310,J122821.13+512100.3 ,187.08809,51.350098,CCCC,9,0.5,1,0.4954371,0,1,0.4339875111504625,0.21501351396060284,,4.817,15.21,17.52,11.18,57.9,12.91,20.091,19.81,23.3,21.494,20.544,21.1475,21.4,20.0,21.0,17.45,17.24,16.59,16.67,14.62
6640215,J113749.00+543520.2 ,174.45415,54.58894,CCCC,9,0.5,1,0.3775729,0,1,0.46119536128435357,0.1741348700266811,,4.816,15.21,17.52,11.18,57.9,12.91,20.13,19.81,23.3,21.4649,20.4953,20.9563,21.4,20.0,21.0,17.45,17.24,16.59,16.67,14.62
4876264,J130719.30+545057.5 ,196.83043,54.849323,CCCC,9,0.5,1,0.5264609,0,1,0.5874219446918687,0.3092546856822314,,4.805,15.21,17.52,11.18,57.9,12.91,19.970999,19.81,23.3,21.5166,20.5173,21.119,21.4,20.0,21.0,17.45,17.24,16.59,16.67,14.62
6011421,J132056.85+490626.4 ,200.23688,49.107334,CCCC,5,0.5,1,0.4190377,0,1,0.5785013380905184,0.24241387016037322,,4.787,15.21,17.52,11.18,57.9,12.91,19.913,19.81,23.3,21.2642,20.4412,20.8305,21.4,20.0,21.0,17.45,17.24,16.59,16.67,14.62
379971,J133930.81+531312.7 ,204.8784,53.22019,CCCC,9,0.5,1,0.3216676,0,1,0.5735950044600031,0.1845069284566385,,4.786,15.21,17.52,11.18,57.9,12.91,19.915998,19.81,23.3,21.5832,20.3693,20.8148,21.4,20.0,21.0,17.45,17.24,16.59,16.67,14.62
2009315,J150821.64+512806.8 ,227.0902,51.468575,CCCC,6,0.5,1,0.3798586,0,1,0.5990187332731693,0.2275424173949195,,4.776,15.21,17.52,11.18,57.9,12.91,20.029,19.81,23.3,21.387,20.539,20.6457,21.4,20.0,21.0,17.45,17.24,16.59,16.67,14.62
3580171,J110203.48+504930.5 ,165.51451,50.825146,CCCC,5,0.5,1,0.3291244,0,1,0.5976806422831942,0.1967112827830709,,4.771,15.21,17.52,11.18,57.9,12.91,20.012,19.81,23.3,21.8183,21.2721,20.9373,21.4,20.0,21.0,17.45,17.24,16.59,16.67,14.62
1064996,J150444.23+495832.2 ,226.18428,49.97563,CCCC,6,0.5,1,0.3233017,0,1,0.4906333630683548,0.15862260035671633,,4.768,15.21,17.52,11.18,57.9,12.91,20.13,19.81,22.2246,21.3854,20.7962,20.4312,21.4,20.0,21.0,17.45,17.24,16.59,16.67,14.62
4040093,J131041.74+520421.8 ,197.67389,52.07273,CCCC,6,0.5,1,0.3297726,0,1,0.5820695807310585,0.19195059901859107,,4.762,15.21,17.52,11.18,57.9,12.91,20.115,19.81,22.4445,21.4534,20.8688,20.5011,21.4,20.0,21.0,17.45,17.24,16.59,16.67,14.62
1507567,J111826.53+535010.3 ,169.61057,53.836212,CCCC,6,0.5,1,0.4387548,0,1,0.49197145405878473,0.21585483693127128,,4.757,15.21,17.52,11.18,57.9,12.91,20.13,19.81,23.3,21.3176,20.5276,21.021,21.4,20.0,21.0,17.45,17.24,16.59,16.67,14.62
1001161,J125659.47+542918.3 ,194.24783,54.488426,CCCC,6,0.5,1,0.3840936,0,1,0.5990187332731693,0.23007926173033139,,4.753,15.21,17.52,11.18,57.9,12.91,19.998999,19.81,22.4707,21.5047,20.9455,20.5454,21.4,20.0,21.0,17.45,17.24,16.59,16.67,14.62
45196,J114726.65+550231.0 ,176.86104,55.041946,CCCC,5,0.5,1,0.3627973,0,1,0.48528099910754463,0.1760586362175196,,4.75,15.21,17.52,11.18,57.9,12.91,20.13,19.81,23.3,21.2801,20.5556,20.9065,21.4,20.0,21.0,17.45,17.24,16.59,16.67,14.62
4273520,J120435.63+504657.1 ,181.14848,50.782516,CCCC,5,0.5,1,0.358862,0,1,0.5066904549503306,0.18183195004438554,,4.73,15.21,17.52,11.18,57.9,12.91,19.897,19.81,23.3,21.7041,20.9061,20.8881,21.4,20.0,21.0,17.45,17.24,16.59,16.67,14.62
1222191,J145625.72+491418.9 ,224.10716,49.238583,CCCC,9,0.5,1,0.5004047,0,1,0.5990187332731693,0.29975178951794035,,4.725,15.21,17.52,11.18,57.9,12.91,20.13,19.81,23.3,21.2279,20.4669,20.8948,21.4,20.0,21.0,17.45,17.24,16.59,16.67,14.62
1264458,J121121.64+495113.1 ,182.84018,49.853634,CCCC,10,0.5,1,0.4855228,0,1,0.5967885816230591,0.2897544631576562,,4.721,15.21,17.52,11.18,57.9,12.91,18.956,19.238,23.3,21.5712,19.9265,19.4739,19.1457,20.0,21.0,17.45,17.24,16.59,16.67,14.62
4479181,J110004.46+521323.7 ,165.0186,52.223236,CCCC,5,0.5,1,0.3481207,0,1,0.5338983050842216,0.1858610516947328,,4.719,15.21,17.52,11.18,57.9,12.91,20.064,19.81,23.3,21.855,21.268,20.9501,21.4,20.0,21.0,17.45,17.24,16.59,16.67,14.62
1125556,J120036.73+461850.3 ,180.15303,46.31398,Q   ,11,1.0,1,0.6387463,1,1,0.9821587867972994,0.6273502910792639,4.745,4.714,15.21,16.642275,11.18,57.9,12.91,18.858,19.249,22.0183,20.4326,19.0216,19.0506,19.1219,20.0,21.0,17.45,17.24,16.59,16.67,14.62
4735801,J105203.58+514519.3 ,163.01495,51.755367,CCCC,10,0.5,1,0.3577566,0,1,0.5802854594107885,0.20760095298824166,,4.711,15.21,17.52,11.18,57.9,12.91,20.040998,19.81,22.2621,21.4721,20.8995,20.5437,21.4,20.0,21.0,17.45,17.24,16.59,16.67,14.62
1686487,J150600.41+501547.6 ,226.50172,50.26325,CCCC,6,0.5,1,0.3292223,0,1,0.5967885816230591,0.19647610945568128,,4.711,15.21,17.52,11.18,57.9,12.91,20.13,19.81,22.5319,21.4874,20.9419,20.6091,21.4,20.0,21.0,17.45,17.24,16.59,16.67,14.62
4540232,J120522.53+514918.3 ,181.3439,51.821747,CCCC,6,0.5,1,0.3498495,0,1,0.5597680642281375,0.1958345773861818,,4.702,15.21,17.52,11.18,57.9,12.91,20.13,19.81,23.3,21.6893,21.3678,20.5767,21.4,20.0,21.0,17.45,17.24,16.59,16.67,14.62
2038415,J134910.65+483404.0 ,207.29437,48.56778,CCCC,9,0.5,1,0.5129023,0,1,0.5990187332731693,0.30723808603889513,,4.694,15.21,17.52,11.18,57.9,12.91,19.923,19.81,23.3,21.4634,20.6451,21.0683,21.4,20.0,21.0,17.45,17.24,16.59,16.67,14.62
5703089,J124033.39+501207.0 ,190.13916,50.201965,CCCC,9,0.5,1,0.3359901,0,1,0.5976806422831942,0.20081477876879464,,4.688,15.21,17.52,11.18,57.9,12.91,20.071,19.81,23.3,21.581,20.7823,20.8277,21.4,20.0,21.0,17.45,17.24,16.59,16.67,14.62
2421451,J110309.87+534008.2 ,165.79109,53.668957,CCCC,6,0.5,1,0.3606812,0,1,0.5945584299729489,0.21444604799275918,,4.687,15.21,17.52,11.18,57.9,12.91,19.976,19.81,23.3,21.6585,21.3384,20.5114,21.4,20.0,21.0,17.45,17.24,16.59,16.67,14.62
416180,J115804.95+512716.3 ,179.5206,51.454533,CCCC,5,0.5,1,0.3481732,0,1,0.4446922390720829,0.15482991989289213,,4.685,15.21,17.52,11.18,57.9,12.91,20.13,19.81,23.3,21.4395,20.7172,20.9689,21.4,20.0,21.0,17.45,17.24,16.59,16.67,14.62
3390070,J150001.88+522257.0 ,225.00784,52.3825,CCCC,10,0.5,1,0.3194781,0,1,0.5615521855479528,0.17940362528970744,,4.684,15.21,17.52,11.18,57.9,12.91,20.038,19.81,22.0626,21.2996,20.7392,20.4157,21.4,20.0,21.0,17.45,17.24,16.59,16.67,14.62
4844818,J130105.26+545920.1 ,195.27193,54.988922,CCCC,9,0.5,1,0.487738,0,1,0.4495985727025982,0.21928630865281984,,4.681,15.21,17.52,11.18,57.9,12.91,19.935,19.81,23.3,21.8346,21.0961,21.0548,21.4,20.0,21.0,17.45,17.24,16.59,16.67,14.62
6145668,J145339.72+545050.0 ,223.41548,54.847233,CCCC,9,0.5,1,0.4621778,0,1,0.6021409455843241,0.2782961775200826,,4.681,15.21,17.52,11.18,57.9,12.91,19.955,19.81,23.3,21.5336,20.732,20.9917,21.4,20.0,21.0,17.45,17.24,16.59,16.67,14.62
6726222,J144607.13+562855.8 ,221.52974,56.482193,CCCC,6,0.5,1,0.3505071,0,1,0.46119536128435357,0.16165224861723104,,4.681,15.21,17.52,11.18,57.9,12.91,20.13,19.81,23.3,21.425,20.6775,20.9352,21.4,20.0,21.0,17.45,17.24,16.59,16.67,14.62
3940910,J131601.72+515705.1 ,199.00716,51.95142,CCCC,5,0.5,1,0.4205715,0,1,0.5013380909899752,0.21084851293479034,,4.679,15.21,17.52,11.18,57.9,12.91,20.001999,19.81,23.3,21.5854,20.7955,20.9333,21.4,20.0,21.0,17.45,17.24,16.59,16.67,14.62
4468616,J135508.66+521012.0 ,208.78609,52.170002,CCCC,9,0.5,1,0.4116736,0,1,0.5758251561105681,0.23705201498659953,,4.679,15.21,17.52,11.18,57.9,12.91,20.107,19.81,23.3,21.6397,20.861,20.9133,21.4,20.0,21.0,17.45,17.24,16.59,16.67,14.62
2601431,J143313.51+560153.9 ,218.30634,56.031643,CCCC,9,0.5,1,0.3334268,0,1,0.5878679750217088,0.19601093773396833,,4.675,15.21,17.52,11.18,57.9,12.91,20.067,19.81,23.3,21.7769,21.4741,20.6291,21.4,20.0,21.0,17.45,17.24,16.59,16.67,14.62
6435310,J134653.92+524823.9 ,206.72464,52.806633,CCCC,5,0.5,1,0.3601035,0,1,0.570026761819463,0.205268632024855,,4.674,15.21,17.52,11.18,57.9,12.91,20.13,19.81,23.3,21.536,20.8109,21.0036,21.4,20.0,21.0,17.45,17.24,16.59,16.67,14.62
5815756,J123610.37+490551.6 ,189.04321,49.097668,CCCC,9,0.5,1,0.3211056,0,1,0.4308652988402173,0.13835326030326728,,4.671,15.21,17.52,11.18,57.9,12.91,20.053,19.81,23.3,21.7782,21.4781,20.6611,21.4,20.0,21.0,17.45,17.24,16.59,16.67,14.62
3529491,J111456.60+555151.4 ,168.73584,55.86429,CCCC,6,0.5,1,0.3905146,0,1,0.5624442462080879,0.21964268983025295,,4.668,15.21,17.52,11.18,57.9,12.91,19.976,19.81,23.3,21.4114,20.7131,20.8338,20.8315,20.0,21.0,17.45,17.24,16.59,16.67,14.62
6130521,J144944.69+544506.1 ,222.4362,54.751713,CCCC,6,0.5,1,0.5428976,0,1,0.5798394290809483,0.31479343443341706,,4.668,15.21,17.52,11.18,57.9,12.91,19.019999,19.387001,23.3,21.4992,20.0804,19.2292,18.8238,20.0,21.0,17.45,17.24,16.59,16.67,14.62
2919244,J123956.46+551951.4 ,189.98526,55.330967,CCCC,9,0.5,1,0.3565595,0,1,0.4429081177518128,0.15792309701152749,,4.667,15.21,17.52,11.18,57.9,12.91,20.13,19.81,23.3,21.697,21.3887,20.5798,21.4,20.0,21.0,17.45,17.24,16.59,16.67,14.62
6701753,J114510.69+523321.2 ,176.29453,52.555874,CCCC,9,0.5,1,0.583341,0,1,0.4362176628010275,0.25446364763601415,,4.666,15.21,17.52,11.18,57.9,12.91,20.13,19.81,23.3,21.6883,20.9528,21.2567,21.4,20.0,21.0,17.45,17.24,16.59,16.67,14.62
127885,J125542.83+525423.0 ,193.92847,52.9064,CCCC,9,0.5,1,0.311745,0,1,0.5847457627114636,0.18229156779648523,,4.666,15.21,17.52,11.18,57.9,12.91,20.13,19.81,23.3,21.72,21.395,20.6014,21.4,20.0,21.0,17.45,17.24,16.59,16.67,14.62
5034669,J131551.78+551950.1 ,198.96574,55.330585,CCCC,9,0.5,1,0.3869362,0,1,0.4429081177518128,0.171377184032039,,4.665,15.21,17.52,11.18,57.9,12.91,20.13,19.81,23.3,21.6891,21.3647,20.5619,21.4,20.0,21.0,17.45,17.24,16.59,16.67,14.62
6662917,J144031.07+554809.3 ,220.12946,55.802593,CCCC,9,0.5,1,0.3812482,0,1,0.5321141837639516,0.20286757475447575,,4.665,15.21,17.52,11.18,57.9,12.91,20.102999,19.81,23.3,21.7057,21.3738,20.5325,21.4,20.0,21.0,17.45,17.24,16.59,16.67,14.62
5330308,J113026.68+515104.5 ,172.61119,51.851254,CCCC,9,0.5,1,0.4222424,0,1,0.5927743086526789,0.25029444674384793,,4.664,15.21,17.52,11.18,57.9,12.91,20.13,19.81,23.3,21.4272,20.6871,21.0103,21.4,20.0,21.0,17.45,17.24,16.59,16.67,14.62
6082728,J151808.41+495632.0 ,229.53505,49.942238,CCCC,10,0.5,1,0.3649297,0,1,0.5602140945579777,0.20443876146281442,,4.664,15.21,17.52,11.18,57.9,12.91,19.868,19.81,22.2095,21.1935,20.6612,20.3363,21.4,20.0,21.0,17.45,17.24,16.59,16.67,14.62
2515283,J145257.77+502307.2 ,223.2407,50.38535,CCCC,9,0.5,1,0.3968513,0,1,0.45272078501329815,0.1796628320695479,,4.66,15.21,17.52,11.18,57.9,12.91,20.102,19.81,23.3,21.6701,20.958,20.9247,21.4,20.0,21.0,17.45,17.24,16.59,16.67,14.62
2335420,J132219.33+520901.5 ,200.58055,52.150425,CCCC,9,0.5,1,0.3847375,0,1,0.5967885816230591,0.2296069469222017,,4.659,15.21,17.52,11.18,57.9,12.91,20.063,19.81,23.3,21.6686,20.9191,20.8977,21.4,20.0,21.0,17.45,17.24,16.59,16.67,14.62
4820929,J104943.90+550845.4 ,162.43295,55.14595,CCCC,6,0.5,1,0.4846975,0,1,0.570026761819463,0.2762905463869892,,4.656,15.21,17.52,11.18,57.9,12.91,18.841,19.226,23.3,21.5661,19.8476,19.0491,18.629,20.0,21.0,17.45,17.24,16.59,16.67,14.62
4173612,J130513.92+502238.1 ,196.30798,50.377247,CCCC,9,0.5,1,0.3327728,0,1,0.5664585191789229,0.18850198751102384,,4.655,15.21,17.52,11.18,57.9,12.91,20.101,19.81,23.3,21.5581,21.4704,20.6319,21.4,20.0,21.0,17.45,17.24,16.59,16.67,14.62
5754531,J124309.15+501820.1 ,190.78815,50.305595,CCCC,9,0.5,1,0.4013335,0,1,0.5990187332731693,0.24040628479008752,,4.655,15.21,17.52,11.18,57.9,12.91,20.088,19.81,23.3,21.5255,21.3286,20.5109,21.4,20.0,21.0,17.45,17.24,16.59,16.67,14.62
2686840,J105302.93+482517.9 ,163.26218,48.42165,CCCC,9,0.5,1,0.412859,0,1,0.5887600356818439,0.24307487957157037,,4.654,15.21,17.52,11.18,57.9,12.91,20.13,19.81,23.3,21.5204,20.7969,21.0207,21.4,20.0,21.0,17.45,17.24,16.59,16.67,14.62
5578828,J125728.16+555846.2 ,194.36736,55.97952,CCCC,9,0.5,1,0.4098934,0,1,0.4446922390720829,0.1822764138268689,,4.653,15.21,17.52,11.18,57.9,12.91,20.095999,19.81,23.3,21.5552,21.524,20.7271,21.4,20.0,21.0,17.45,17.24,16.59,16.67,14.62
6514516,J123903.21+523254.0 ,189.76337,52.548344,CCCC,9,0.5,1,0.3531726,0,1,0.5878679750217088,0.20761886119515197,,4.652,15.21,17.52,11.18,57.9,12.91,20.08,19.81,23.3,21.5029,21.3721,20.4911,21.4,20.0,21.0,17.45,17.24,16.59,16.67,14.62
6475410,J122027.48+481102.0 ,185.1145,48.1839,CCCC,9,0.5,1,0.3718602,0,1,0.44603033006205806,0.16586092774294292,,4.652,15.21,17.52,11.18,57.9,12.91,20.081,19.81,23.3,21.5935,21.5573,20.476,21.4,20.0,21.0,17.45,17.24,16.59,16.67,14.62
6509417,J134705.96+533453.4 ,206.77481,53.581497,CCCC,10,0.5,1,0.4387968,0,1,0.5611061552181127,0.24621158537001114,,4.652,15.21,17.52,11.18,57.9,12.91,19.109,19.469,23.3,21.6928,20.1976,19.3742,19.0661,20.0,21.0,17.45,17.24,16.59,16.67,14.62
2741240,J134926.57+491756.1 ,207.3607,49.298912,CCCC,9,0.5,1,0.40039,0,1,0.5887600356818439,0.23573363068665348,,4.651,15.21,17.52,11.18,57.9,12.91,20.13,19.81,23.3,21.5373,20.8262,21.0178,21.4,20.0,21.0,17.45,17.24,16.59,16.67,14.62
4391822,J120226.36+505856.3 ,180.60983,50.982296,CCCC,9,0.5,1,0.4033291,0,1,0.5990187332731693,0.24160168657420744,,4.65,15.21,17.52,11.18,57.9,12.91,20.069,19.81,23.3,21.5261,21.3228,20.5286,21.4,20.0,21.0,17.45,17.24,16.59,16.67,14.62
797829,J125457.60+533840.0 ,193.74004,53.644444,CCCC,9,0.5,1,0.3470344,0,1,0.5361284567347866,0.18605501730588264,,4.649,15.21,17.52,11.18,57.9,12.91,20.126,19.81,23.3,21.6657,21.386,20.5186,21.4,20.0,21.0,17.45,17.24,16.59,16.67,14.62
1691992,J110325.94+472513.7 ,165.8581,47.420483,CCCC,10,0.5,1,0.6458862,0,1,0.5008920606596803,0.3235192696696504,,4.649,15.21,17.52,11.18,57.9,12.91,18.705,18.988,23.3,21.7645,19.8988,19.0816,18.627,20.0,21.0,17.45,17.24,16.59,16.67,14.62
2943194,J122605.89+501443.9 ,186.52458,50.245518,CCCC,9,0.5,1,0.4151177,0,1,0.6057091882244094,0.25144060508458393,,4.648,15.21,17.52,11.18,57.9,12.91,20.092,19.81,23.3,21.5602,21.3115,20.5217,21.4,20.0,21.0,17.45,17.24,16.59,16.67,14.62
6246950,J132210.52+494012.0 ,200.54384,49.67001,CCCC,9,0.5,1,0.3867393,0,1,0.43710972346070776,0.1690475084743877,,4.648,15.21,17.52,11.18,57.9,12.91,20.13,19.81,23.3,21.6723,21.3386,20.5478,21.4,20.0,21.0,17.45,17.24,16.59,16.67,14.62
2188936,J131846.16+493326.1 ,199.69237,49.557247,CCCC,9,0.5,1,0.4098619,0,1,0.48617305976767966,0.19926381400519474,,4.647,15.21,17.52,11.18,57.9,12.91,20.13,19.81,23.3,21.6626,21.3571,20.5666,21.4,20.0,21.0,17.45,17.24,16.59,16.67,14.62
6001298,J114028.95+490721.2 ,175.12065,49.122547,CCCC,10,0.5,1,0.3486445,0,1,0.5673505798395126,0.19780365923285698,,4.646,15.21,17.52,11.18,57.9,12.91,18.894999,19.302,23.3,21.7814,20.0102,19.1767,18.7386,20.0,21.0,17.45,17.24,16.59,16.67,14.62
5858299,J123857.50+492211.2 ,189.7396,49.369778,CCCC,9,0.5,1,0.312967,0,1,0.5905441570021139,0.1848208331844806,,4.644,15.21,17.52,11.18,57.9,12.91,19.991,19.81,23.3,21.5668,21.3688,20.5084,21.4,20.0,21.0,17.45,17.24,16.59,16.67,14.62
5345006,J112058.25+510610.3 ,170.24272,51.10285,CCCC,9,0.5,1,0.3335737,0,1,0.520071364852356,0.17348212943785035,,4.644,15.21,17.52,11.18,57.9,12.91,19.736,19.81,23.3,21.6278,20.8602,20.8147,21.4,20.0,21.0,17.45,17.24,16.59,16.67,14.62
5988092,J124347.76+512529.7 ,190.94899,51.424923,CCCC,9,0.5,1,0.3480598,0,1,0.5990187332731693,0.20849434049931265,,4.644,15.21,17.52,11.18,57.9,12.91,20.029,19.81,23.3,21.5319,21.3248,20.4941,21.4,20.0,21.0,17.45,17.24,16.59,16.67,14.62
886565,J140705.04+535550.8 ,211.77101,53.930786,CCCC,9,0.5,1,0.4917791,0,1,0.4620874219444886,0.22724493648518088,,4.639,15.21,17.52,11.18,57.9,12.91,20.13,19.81,23.3,21.2439,20.5548,21.0403,21.4,20.0,21.0,17.45,17.24,16.59,16.67,14.62
5046609,J130205.09+533624.4 ,195.52124,53.606773,CCCC,9,0.5,1,0.3488466,0,1,0.5780553077606783,0.20165262872426623,,4.637,15.21,17.52,11.18,57.9,12.91,20.102999,19.81,23.3,21.6255,21.2966,20.4407,21.4,20.0,21.0,17.45,17.24,16.59,16.67,14.62
5036154,J111838.21+464554.0 ,169.65921,46.76501,CCCC,9,0.5,1,0.4055051,0,1,0.5990187332731693,0.24290515133780988,,4.63,15.21,17.52,11.18,57.9,12.91,20.13,19.81,23.3,21.275,20.5861,20.8341,21.4,20.0,21.0,17.45,17.24,16.59,16.67,14.62
6154084,J145222.17+545516.9 ,223.09239,54.921368,CCCC,9,0.5,1,0.4315226,0,1,0.4495985727025982,0.19401194504891417,,4.629,15.21,17.52,11.18,57.9,12.91,19.914999,19.81,23.3,21.5858,20.8286,20.9597,21.4,20.0,21.0,17.45,17.24,16.59,16.67,14.62
5325962,J112726.85+480628.0 ,171.86192,48.107773,CCCC,9,0.5,1,0.4891955,0,1,0.46342551293446377,0.22670567551273146,,4.629,15.21,17.52,11.18,57.9,12.91,20.13,19.81,23.3,21.3903,20.7093,21.0315,21.4,20.0,21.0,17.45,17.24,16.59,16.67,14.62
6714013,J144747.44+482928.0 ,221.9477,48.49113,CCCC,6,0.5,1,0.3723459,0,1,0.46253345227432874,0.172222434567192,,4.626,15.21,17.52,11.18,57.9,12.91,20.13,19.81,23.3,21.4387,20.7474,20.9125,21.4,20.0,21.0,17.45,17.24,16.59,16.67,14.62
5887580,J112940.12+500834.4 ,172.41719,50.1429,CCCC,9,0.5,1,0.3203607,0,1,0.5976806422831942,0.1914733889382937,,4.625,15.21,17.52,11.18,57.9,12.91,20.040998,19.81,23.3,21.5746,21.2864,20.4242,21.4,20.0,21.0,17.45,17.24,16.59,16.67,14.62
6250755,J151213.00+504116.9 ,228.05415,50.68805,CCCC,9,0.5,1,0.3336774,0,1,0.5990187332731693,0.19987901346988465,,4.625,15.21,17.52,11.18,57.9,12.91,19.948,19.81,23.3,21.5409,20.8333,20.7966,21.4,20.0,21.0,17.45,17.24,16.59,16.67,14.62
5190278,J111449.27+503301.8 ,168.70529,50.550488,CCCC,9,0.5,1,0.3405449,0,1,0.5976806422831942,0.20353709455826613,,4.625,15.21,17.52,11.18,57.9,12.91,19.858,19.81,23.3,21.4921,20.7436,20.7647,21.4,20.0,21.0,17.45,17.24,16.59,16.67,14.62
4797614,J120808.20+531124.8 ,182.03416,53.190224,CCCC,10,0.5,1,0.5767817,0,1,0.5312221231038166,0.30639919924142855,,4.622,15.21,17.52,11.18,57.9,12.91,18.914,19.243,23.3,21.6916,20.2496,19.3081,18.8074,20.0,21.0,17.45,17.24,16.59,16.67,14.62
200023,J115634.19+492003.0 ,179.14246,49.33418,CCCC,9,0.5,1,0.489493,0,1,0.5990187332731693,0.2932154768060835,,4.621,15.21,17.52,11.18,57.9,12.91,19.998999,19.81,23.3,21.3856,20.7001,20.9905,21.4,20.0,21.0,17.45,17.24,16.59,16.67,14.62
6080290,J123837.48+495833.8 ,189.65619,49.97607,CCCC,9,0.5,1,0.3230815,0,1,0.5958965209629241,0.19252314183748298,,4.62,15.21,17.52,11.18,57.9,12.91,19.935999,19.81,23.3,21.6178,21.2992,20.4991,21.4,20.0,21.0,17.45,17.24,16.59,16.67,14.62
2452910,J135511.75+491531.4 ,208.79895,49.25873,CCCC,10,0.5,1,0.3473823,0,1,0.445138269401923,0.15463315584285964,,4.619,15.21,17.52,11.18,57.9,12.91,19.019999,19.398,23.3,21.6529,19.946,19.0303,18.7022,20.0,21.0,17.45,17.24,16.59,16.67,14.62
4786890,J120759.82+464948.4 ,181.99927,46.830128,CCCC,9,0.5,1,0.5196213,0,1,0.5976806422831942,0.3105675923280283,,4.617,15.21,17.52,11.18,57.9,12.91,19.897999,19.81,23.3,21.5539,20.8348,21.0611,21.4,20.0,21.0,17.45,17.24,16.59,16.67,14.62
5001738,J125931.12+531626.5 ,194.8797,53.274044,CCCC,10,0.5,1,0.3482763,0,1,0.5691347011597827,0.1982161279215348,,4.616,15.21,17.52,11.18,57.9,12.91,19.13,19.504002,23.3,21.6067,20.2904,19.4117,18.9614,20.0,21.0,17.45,17.24,16.59,16.67,14.62
2806818,J131538.22+523223.3 ,198.90929,52.539818,CCCC,10,0.5,1,0.7204696,1,1,0.5909901873324088,0.4257904638713057,,4.615,15.21,16.954622,11.18,57.9,12.91,18.852,19.053,23.3,21.6725,20.0635,19.2504,18.8878,20.0,21.0,17.45,17.24,16.59,16.67,14.62
467275,J124916.98+532508.6 ,192.32077,53.419056,CCCC,9,0.5,1,0.3297026,0,1,0.5758251561105681,0.18985105111506018,,4.606,15.21,17.52,11.18,57.9,12.91,20.078999,19.81,23.3,21.4158,21.3339,20.4886,21.4,20.0,21.0,17.45,17.24,16.59,16.67,14.62
5014964,J120055.52+551106.7 ,180.23131,55.18518,CCCC,10,0.5,1,0.366065,0,1,0.5860838537018935,0.21454478590538364,,4.605,15.21,17.52,11.18,57.9,12.91,18.907999,19.303,23.3,21.6748,20.0254,19.2181,18.7947,20.0,21.0,17.45,17.24,16.59,16.67,14.62
6217342,J151518.85+501256.1 ,228.82857,50.21558,CCCC,9,0.5,1,0.3290403,0,1,0.45004460303289306,0.14808281119532404,,4.604,15.21,17.52,11.18,57.9,12.91,19.668999,19.81,23.3,21.4599,20.6992,20.7307,21.4,20.0,21.0,17.45,17.24,16.59,16.67,14.62
5777231,J132653.47+474630.0 ,201.72278,47.775013,CCCC,9,0.5,1,0.4425827,0,1,0.5040142729703803,0.2230679977697679,,4.602,15.21,17.52,11.18,57.9,12.91,20.111,19.81,23.3,21.4858,20.7962,20.9068,21.4,20.0,21.0,17.45,17.24,16.59,16.67,14.62
6592460,J131108.33+472924.8 ,197.78471,47.490223,CCCC,10,0.5,1,0.4463338,0,1,0.4857270294378395,0.21679639081170277,,4.598,15.21,17.52,11.18,57.9,12.91,18.866,19.256,23.3,21.645,19.8591,18.9978,18.5448,20.0,21.0,17.45,17.24,16.59,16.67,14.62
219490,J135002.59+545728.7 ,207.51079,54.957985,CCCC,10,0.5,1,0.6827349,0,1,0.5588760035680025,0.38156415240839986,-0.00014,4.598,15.21,17.52,11.18,57.9,12.91,18.717999,18.986,23.3,21.6214,19.9862,19.1277,18.7065,20.0,21.0,17.45,17.24,16.59,16.67,14.62
2227558,J112413.01+551616.8 ,171.05423,55.271343,CCCC,5,0.5,1,0.3730829,0,1,0.5570918822477324,0.20784145499544254,,4.592,15.21,17.52,11.18,57.9,12.91,20.092,19.81,23.3,21.4724,20.8237,21.0247,21.4,20.0,21.0,17.45,17.24,16.59,16.67,14.62
6426676,J115609.20+520800.2 ,179.03833,52.13339,CCCC,10,0.5,1,0.5005944,0,1,0.4290811775194925,0.21479563461166382,-3e-05,4.592,15.21,17.52,11.18,57.9,12.91,18.859999,19.228,23.3,21.6251,19.9523,19.0806,18.6084,20.0,21.0,17.45,17.24,16.59,16.67,14.62
5283958,J134747.73+460736.7 ,206.9489,46.12687,CCCC,9,0.5,1,0.339939,0,1,0.448260481712623,0.15238121989290734,,4.589,15.21,17.52,11.18,57.9,12.91,19.858,19.81,23.3,21.4111,20.7292,20.7983,21.4,20.0,21.0,17.45,17.24,16.59,16.67,14.62
5079588,J111829.30+494342.9 ,169.6221,49.728592,CCCC,7,0.5,1,0.4014085,0,1,0.43487957181059755,0.17456435660113426,,4.587,15.21,17.52,11.18,57.9,12.91,20.13,19.81,23.3,21.4571,20.7962,20.9992,21.4,20.0,21.0,17.45,17.24,16.59,16.67,14.62
6533280,J130507.15+473814.7 ,196.2798,47.63742,CCCC,5,0.5,1,0.4385373,0,1,0.5802854594107885,0.2544768185992668,,4.573,15.21,17.52,11.18,57.9,12.91,20.028,19.81,23.3,21.2464,20.6432,20.7906,21.4,20.0,21.0,17.45,17.24,16.59,16.67,14.62
6453569,J134259.77+524810.9 ,205.74907,52.80302,CCCC,9,0.5,1,0.4225811,0,1,0.5026761819799503,0.2124214539248876,,4.572,15.21,17.52,11.18,57.9,12.91,19.942999,19.81,23.3,21.614,20.9233,20.9634,21.4,20.0,21.0,17.45,17.24,16.59,16.67,14.62
6661922,J114339.87+520418.4 ,175.91612,52.071785,CCCC,9,0.5,1,0.583341,0,1,0.43532560214089244,0.25394327207847034,,4.57,15.21,17.52,11.18,57.9,12.91,20.101,19.81,23.3,21.7353,21.1374,21.2722,21.4,20.0,21.0,17.45,17.24,16.59,16.67,14.62
5311930,J122743.84+561026.5 ,186.93266,56.17403,CCCC,5,0.5,1,0.457274,0,1,0.593220338982519,0.2712642372878924,,4.567,15.21,17.52,11.18,57.9,12.91,19.969,19.81,23.3,21.5955,20.9365,21.0012,21.4,20.0,21.0,17.45,17.24,16.59,16.67,14.62
6088489,J132617.41+485338.3 ,201.57254,48.893997,CCCC,6,0.5,1,0.3678366,0,1,0.5976806422831942,0.2198488153432664,,4.567,15.21,17.52,11.18,57.9,12.91,20.050999,19.81,23.3,21.8246,21.115,20.9816,21.4,20.0,21.0,17.45,17.24,16.59,16.67,14.62
2397820,J122126.51+501419.8 ,185.36049,50.238842,CCCC,10,0.5,1,0.347141,0,1,0.5802854594107885,0.2014408746653205,,4.566,15.21,17.52,11.18,57.9,12.91,19.042,19.433,23.3,21.5859,20.2031,19.3381,18.8769,20.0,21.0,17.45,17.24,16.59,16.67,14.62
3051040,J145044.24+514254.7 ,222.68436,51.715195,CCCC,9,0.5,1,0.5703628,0,1,0.448260481712623,0.25567110347896044,,4.564,15.21,17.52,11.18,57.9,12.91,20.13,19.81,23.3,21.2858,20.722,20.9735,21.4,20.0,21.0,17.45,17.24,16.59,16.67,14.62
445311,J125047.25+531442.5 ,192.6969,53.245155,CCCC,10,0.5,1,0.5129787,0,1,0.4290811775194925,0.2201095046384185,,4.563,15.21,17.52,11.18,57.9,12.91,18.997,19.356,23.3,21.5627,19.9606,19.121,18.7072,20.0,21.0,17.45,17.24,16.59,16.67,14.62
6601496,J143928.04+475939.2 ,219.86682,47.994232,CCCC,10,0.5,1,0.673173,0,1,0.5878679750217088,0.3957368483492888,,4.563,15.21,17.52,11.18,57.9,12.91,18.717,19.038,23.3,21.5504,19.9414,19.0519,18.6118,20.0,21.0,17.45,17.24,16.59,16.67,14.62
2037615,J113250.54+470330.0 ,173.21057,47.058346,CCCC,9,0.5,1,0.4799343,0,1,0.46342551293446377,0.2224137991523428,,4.563,15.21,17.52,11.18,57.9,12.91,20.13,19.81,23.3,21.5093,20.8787,21.1155,21.4,20.0,21.0,17.45,17.24,16.59,16.67,14.62
6372350,J143423.27+540045.9 ,218.59695,54.01276,CCCC,10,0.5,1,0.371612,0,1,0.5802854594107885,0.2156410401425619,,4.562,15.21,17.52,11.18,57.9,12.91,19.035,19.426,23.3,21.5012,19.9665,19.1621,18.7724,20.0,21.0,17.45,17.24,16.59,16.67,14.62
2018032,J113238.40+464712.8 ,173.15997,46.78688,CCCC,10,0.5,1,0.4062695,0,1,0.5722569134700279,0.2324905301070115,,4.561,15.21,17.52,11.18,57.9,12.91,19.283998,19.586,23.3,21.7437,20.4304,19.688,19.2865,20.0,21.0,17.45,17.24,16.59,16.67,14.62
2011311,J150804.62+512649.0 ,227.01927,51.44695,CCCC,5,0.5,1,0.3468393,0,1,0.570026761819463,0.19770768305072928,,4.561,15.21,17.52,11.18,57.9,12.91,20.13,19.81,23.3,21.5285,20.9132,20.9818,21.4,20.0,21.0,17.45,17.24,16.59,16.67,14.62
6640115,J144820.52+561910.5 ,222.0855,56.31959,CCCC,5,0.5,1,0.4536752,0,1,0.5856378233715986,0.26568935664567467,,4.56,15.21,17.52,11.18,57.9,12.91,19.955,19.81,23.3,21.301,20.6754,20.7674,21.4,20.0,21.0,17.45,17.24,16.59,16.67,14.62
6703699,J143911.68+491110.4 ,219.79866,49.18623,CCCC,10,0.5,1,0.5036218,0,1,0.4290811775194925,0.21609463496848635,,4.56,15.21,17.52,11.18,57.9,12.91,19.005,19.327,23.3,21.5635,20.0689,19.2686,18.8808,20.0,21.0,17.45,17.24,16.59,16.67,14.62
5964890,J145440.69+532750.0 ,223.66954,53.4639,CCCC,9,0.5,1,0.5277338,0,1,0.5990187332731693,0.3161224323814361,,4.559,15.21,17.52,11.18,57.9,12.91,19.851,19.81,23.3,21.3785,20.7291,21.0161,21.4,20.0,21.0,17.45,17.24,16.59,16.67,14.62
3179499,J122601.69+511324.1 ,186.50706,51.22338,CCCC,9,0.5,1,0.4250404,0,1,0.5013380909899752,0.21308894272961543,,4.556,15.21,17.52,11.18,57.9,12.91,19.923,19.81,23.3,21.6629,20.9926,20.9576,21.4,20.0,21.0,17.45,17.24,16.59,16.67,14.62
3907319,J143842.77+485129.6 ,219.67819,48.858227,CCCC,5,0.5,1,0.35648,0,1,0.4295272078497874,0.1531178590542922,,4.556,15.21,17.52,11.18,57.9,12.91,20.13,19.81,23.3,21.5151,20.9621,21.0359,21.4,20.0,21.0,17.45,17.24,16.59,16.67,14.62
5579859,J124847.49+493820.7 ,192.19788,49.639095,CCCC,10,0.5,1,0.5807678,0,1,0.599464763603919,0.34814983193576804,,4.556,15.21,17.52,11.18,57.9,12.91,18.842999,19.205,23.3,21.4837,20.0129,19.1351,18.6862,20.0,21.0,17.45,17.24,16.59,16.67,14.62
4667100,J125922.90+505939.3 ,194.84541,50.99425,CCCC,10,0.5,1,0.3735995,0,1,0.4857270294378395,0.1814673753344621,,4.556,15.21,17.52,11.18,57.9,12.91,18.93,19.329,23.3,21.5163,19.9336,19.116,18.6833,20.0,21.0,17.45,17.24,16.59,16.67,14.62
5948361,J132353.24+483041.6 ,200.97185,48.511578,CCCC,10,0.5,1,0.3686456,0,1,0.42997323818008226,0.15850774237283935,,4.556,15.21,17.52,11.18,57.9,12.91,18.907999,19.307001,23.3,21.4929,19.8245,18.9794,18.5411,20.0,21.0,17.45,17.24,16.59,16.67,14.62
5265942,J112309.65+505649.9 ,170.7902,50.947193,CCCC,9,0.5,1,0.3554066,0,1,0.5040142729703803,0.17912999910787475,,4.555,15.21,17.52,11.18,57.9,12.91,19.998,19.81,23.3,21.3246,20.7233,20.7362,21.4,20.0,21.0,17.45,17.24,16.59,16.67,14.62
6064972,J151657.57+492729.9 ,229.2399,49.458305,CCCC,9,0.5,1,0.4328953,0,1,0.447368421052488,0.1936636868420431,,4.555,15.21,17.52,11.18,57.9,12.91,20.13,19.81,23.3,21.532,20.8644,20.9372,21.4,20.0,21.0,17.45,17.24,16.59,16.67,14.62
6169796,J114721.69+495232.9 ,176.84038,49.875828,CCCC,5,0.5,1,0.3467432,0,1,0.4295272078497874,0.1489356385369004,,4.554,15.21,17.52,11.18,57.9,12.91,20.13,19.81,23.3,21.514,20.9641,21.0277,21.4,20.0,21.0,17.45,17.24,16.59,16.67,14.62
5408546,J113041.70+515823.5 ,172.67375,51.97318,CCCC,10,0.5,1,0.4704481,0,1,0.4290811775194925,0.20186042470980795,,4.553,15.21,17.52,11.18,57.9,12.91,18.939999,19.307001,23.3,21.5054,19.7936,18.9503,18.5502,20.0,21.0,17.45,17.24,16.59,16.67,14.62
393955,J140051.06+471554.9 ,210.21274,47.265255,CCCC,10,0.5,1,0.4822619,0,1,0.5807314897410834,0.28006467163236537,,4.553,15.21,17.52,11.18,57.9,12.91,18.741,19.134,23.3,21.5758,19.6867,18.8611,18.4765,20.0,21.0,17.45,17.24,16.59,16.67,14.62
4940646,J120451.76+543012.4 ,181.21565,54.503452,CCCC,10,0.5,1,0.3598097,0,1,0.5860838537018935,0.2108786555753222,,4.553,15.21,17.52,11.18,57.9,12.91,18.921999,19.338,23.3,21.5297,19.9691,19.1183,18.7566,20.0,21.0,17.45,17.24,16.59,16.67,14.62
5380553,J124116.89+475209.0 ,190.32039,47.869175,CCCC,9,0.5,1,0.4211876,0,1,0.4429081177518128,0.18654740713640344,,4.553,15.21,17.52,11.18,57.9,12.91,20.062,19.81,23.3,21.6663,21.0754,21.0248,21.4,20.0,21.0,17.45,17.24,16.59,16.67,14.62
5786080,J124226.80+504836.7 ,190.61166,50.810204,CCCC,10,0.5,1,0.4391754,0,1,0.4366636931308676,0.19177195209622602,,4.553,15.21,17.52,11.18,57.9,12.91,18.74,19.147,23.3,21.533,19.8331,18.959,18.5572,20.0,21.0,17.45,17.24,16.59,16.67,14.62
4690107,J121334.30+515442.1 ,183.39293,51.911694,CCCC,10,0.5,1,0.4410064,0,1,0.5981266726130343,0.26377769063305284,,4.553,15.21,17.52,11.18,57.9,12.91,18.762,19.17,23.3,21.5079,19.718,18.9085,18.5165,20.0,21.0,17.45,17.24,16.59,16.67,14.62
2701100,J105235.64+482433.7 ,163.1485,48.40936,CCCC,9,0.5,1,0.494138,0,1,0.5900981266722738,0.29158990811758406,,4.55,15.21,17.52,11.18,57.9,12.91,20.13,19.81,23.3,21.7239,21.0141,20.754,21.4,20.0,21.0,17.45,17.24,16.59,16.463,14.267
5128700,J131802.66+475536.3 ,199.51108,47.926754,CCCC,10,0.5,1,0.3613418,0,1,0.5802854594107885,0.20968139241732123,,4.55,15.21,17.52,11.18,57.9,12.91,20.007,19.81,23.3,21.277,20.65,20.657,21.4,20.0,21.0,17.45,17.24,16.59,16.67,14.62
6484686,J134654.17+530207.7 ,206.7257,53.035477,CCCC,9,0.5,1,0.523657,0,1,0.4446922390720829,0.23286620383576973,,4.55,15.21,17.52,11.18,57.9,12.91,20.05,19.81,23.3,21.674,21.0542,21.1037,21.4,20.0,21.0,17.45,17.24,16.59,16.67,14.62
4821772,J105936.08+532953.1 ,164.9003,53.498096,R   ,6,1.0,1,0.4193367,1,1,0.9817127564670045,0.41166818764477736,,4.55,14.763135,15.282105,11.18,57.9,12.91,20.057,19.81,23.3,21.5692,20.9522,20.6348,21.4,20.0,21.0,17.45,17.24,16.59,16.67,14.62
459942,J142018.72+535037.4 ,215.078,53.843735,CCCC,9,0.5,1,0.5129023,0,1,0.5990187332731693,0.30723808603889513,,4.549,15.21,17.52,11.18,57.9,12.91,19.821999,19.81,23.3,21.2981,20.6591,20.9129,21.4,20.0,21.0,17.45,17.24,16.59,16.67,14.62
5759456,J133540.35+510654.7 ,203.91812,51.115204,CCCC,9,0.5,1,0.4770592,0,1,0.5040142729703803,0.24044464585183123,,4.549,15.21,17.52,11.18,57.9,12.91,20.13,19.81,23.3,21.318,20.7368,20.8786,21.4,20.0,21.0,17.45,17.24,16.59,16.67,14.62
4659062,J120151.90+522204.8 ,180.46626,52.368,CCCC,9,0.5,1,0.5769011,0,1,0.5887600356818439,0.33965631222089493,,4.548,15.21,17.52,11.18,57.9,12.91,20.007,19.81,23.3,21.4113,20.8655,21.1412,21.4,20.0,21.0,17.45,17.24,16.59,16.67,14.62
3446366,J131805.70+510208.0 ,199.52376,51.03557,CCCC,5,0.5,1,0.3589266,0,1,0.4446922390720829,0.15961187341652985,,4.546,15.21,17.52,11.18,57.9,12.91,20.13,19.81,23.3,21.5583,20.9812,21.0022,21.4,20.0,21.0,17.45,17.24,16.59,16.67,14.62
1320009,J110856.72+471611.4 ,167.23633,47.269836,CCCC,9,0.5,1,0.4380607,0,1,0.46342551293446377,0.20300850459393027,,4.545,15.21,17.52,11.18,57.9,12.91,19.986,19.81,23.3,21.3296,20.7638,20.7623,21.4,20.0,21.0,17.45,17.24,16.59,16.67,14.62
6692508,J114403.79+521706.3 ,176.01578,52.28508,CCCC,9,0.5,1,0.4186746,0,1,0.5307760927739764,0.22222246833170747,,4.544,15.21,17.52,11.18,57.9,12.91,20.115,19.81,23.3,21.5835,20.9731,21.0346,21.4,20.0,21.0,17.45,17.24,16.59,16.67,14.62
4881640,J120414.65+533459.0 ,181.06102,53.58307,CCCC,9,0.5,1,0.4902545,0,1,0.6115075825155145,0.2997943441123523,,4.544,15.21,17.52,11.18,57.9,12.91,20.13,19.81,23.3,21.3293,20.7914,20.9287,21.4,20.0,21.0,17.45,17.24,16.59,16.67,14.62
6248997,J115330.63+504425.5 ,178.3776,50.74041,CCCC,9,0.5,1,0.3573566,0,1,0.5026761819799503,0.17963465129333633,,4.543,15.21,17.52,11.18,57.9,12.91,19.970999,19.81,23.3,21.4908,20.8521,20.8081,21.4,20.0,21.0,17.45,17.24,16.59,16.67,14.62
5627011,J141255.72+470824.2 ,213.23215,47.140068,CCCC,9,0.5,1,0.456849,0,1,0.5267618198035962,0.2406506106154531,,4.542,15.21,17.52,11.18,57.9,12.91,20.091,19.81,23.3,21.4874,20.8934,20.9458,21.4,20.0,21.0,17.45,17.24,16.59,16.67,14.62
5241375,J122822.07+550339.0 ,187.09193,55.060844,CCCC,9,0.5,1,0.5690882,0,1,0.5851917930417585,0.3330257441569069,,4.542,15.21,17.52,11.18,57.9,12.91,20.118,19.81,23.3,21.1894,20.6376,20.9763,21.4,20.0,21.0,17.45,17.24,16.59,16.67,14.62
2112796,J150307.62+505715.1 ,225.78178,50.954193,CCCC,9,0.5,1,0.5845575,0,1,0.5887600356818439,0.34416409455808944,,4.54,15.21,17.52,11.18,57.9,12.91,20.104,19.81,23.3,21.5589,20.9542,21.1818,21.4,20.0,21.0,17.45,17.24,16.59,16.67,14.62
2382322,J130836.13+462339.2 ,197.15057,46.39423,CCCC,5,0.5,1,0.3678564,0,1,0.48528099910754463,0.17851372132010457,,4.539,15.21,17.52,11.18,57.9,12.91,20.13,19.81,23.3,21.5453,20.9688,21.056,21.4,20.0,21.0,17.45,17.24,16.59,16.67,14.62
1658767,J120419.05+495929.0 ,181.07939,49.991417,CCCC,5,0.5,1,0.5008653,0,1,0.5160570918819758,0.25847509014259334,,4.539,15.21,17.52,11.18,57.9,12.91,19.939,19.81,23.3,21.595,21.004,20.9992,21.4,20.0,21.0,17.45,17.24,16.59,16.67,14.62
3873486,J131558.53+513442.0 ,198.99388,51.57833,CCCC,5,0.5,1,0.3646025,0,1,0.4295272078497874,0.1566066938000521,,4.539,15.21,17.52,11.18,57.9,12.91,20.13,19.81,23.3,21.5359,20.9736,21.057,21.4,20.0,21.0,17.45,17.24,16.59,16.67,14.62
5316127,J124901.60+481335.3 ,192.25667,48.226494,CCCC,9,0.5,1,0.3225454,0,1,0.5156110615516809,0.16630797609261153,,4.538,15.21,17.52,11.18,57.9,12.91,20.060999,19.81,23.3,21.5644,21.4951,20.7087,21.4,20.0,21.0,17.45,17.24,16.59,16.67,14.62
259704,J120642.55+481505.3 ,181.67729,48.25147,CCCC,5,0.5,1,0.4440434,0,1,0.571810883139733,0.2539088487063697,,4.537,15.21,17.52,11.18,57.9,12.91,19.762,19.81,23.3,21.2875,20.7337,20.8974,21.4,20.0,21.0,17.45,17.24,16.59,16.67,14.62
4157385,J132142.13+544823.3 ,200.42555,54.806473,CCCC,5,0.5,1,0.3313437,0,1,0.9834968777872746,0.3258754944244834,,4.537,15.21,17.52,11.18,57.9,12.91,19.962,19.81,23.3,21.5574,20.9372,20.5781,21.4,20.0,21.0,17.45,17.24,16.59,16.67,14.62
3327026,J112246.45+554359.3 ,170.69357,55.733166,CCCC,5,0.5,1,0.3521611,0,1,0.5811775200709235,0.2046681147634485,,4.536,15.21,17.52,11.18,57.9,12.91,19.805,19.81,23.3,21.4331,20.8025,20.7737,21.4,20.0,21.0,17.45,17.24,16.59,16.67,14.62
3276607,J112520.66+554145.3 ,171.33614,55.695942,CCCC,9,0.5,1,0.3358468,0,1,0.5851917930417585,0.19653479107933686,,4.536,15.21,17.52,11.18,57.9,12.91,19.790998,19.81,23.3,21.4946,20.8363,20.8003,21.4,20.0,21.0,17.45,17.24,16.59,16.67,14.62
5555977,J112447.29+552534.9 ,171.19707,55.42636,CCCC,5,0.5,1,0.3829696,1,1,0.5887600356818439,0.22547719536106148,,4.536,15.21,17.52,11.18,57.9,12.91,19.769999,19.81,23.3,21.5444,20.9169,20.8618,21.4,20.0,21.0,17.45,17.24,16.59,16.67,14.62
4542618,J120509.17+513251.1 ,181.28824,51.54754,CCCC,5,0.5,1,0.3134214,0,1,0.9362176628005727,0.2934306505796834,,4.535,15.21,17.52,11.18,57.9,12.91,19.949,19.81,23.3,21.452,20.8753,20.5502,21.4,20.0,21.0,17.45,17.24,16.59,16.67,14.62
1180588,J104913.92+470214.1 ,162.30803,47.037266,CCCC,5,0.5,1,0.4033876,0,1,0.5976806422831942,0.24109695985707622,,4.535,15.21,17.52,11.18,57.9,12.91,20.042,19.81,23.3,21.8615,21.2763,20.9717,21.4,20.0,21.0,17.45,17.24,16.59,16.67,14.62
2344050,J135518.03+484808.6 ,208.8251,48.80241,CCCC,6,0.5,1,0.4927144,0,1,0.566904549508763,0.27932203496848046,,4.535,15.21,17.52,11.18,57.9,12.91,19.114,19.409,23.3,21.4962,20.2357,19.5084,18.9421,20.0,21.0,17.45,17.24,16.59,16.67,14.62
6281638,J122947.60+510528.6 ,187.44835,51.09127,CCCC,9,0.5,1,0.4386596,0,1,0.5990187332731693,0.26276531793011515,,4.533,15.21,17.52,11.18,57.9,12.91,20.067999,19.81,23.3,21.5549,20.9558,21.0259,21.4,20.0,21.0,17.45,17.24,16.59,16.67,14.62
6100595,J142506.66+474657.8 ,216.27774,47.78274,CCCC,9,0.5,1,0.5921927,0,1,0.5927743086526789,0.3510366183316633,,4.531,15.21,17.52,11.18,57.9,12.91,19.967999,19.81,23.3,21.435,20.841,21.133,21.4,20.0,21.0,17.45,17.24,16.59,16.67,14.62
6344054,J123447.15+520012.1 ,188.69647,52.00337,CCCC,10,0.5,1,0.5034305,0,1,0.5856378233715986,0.2948279422388756,,4.531,15.21,17.52,11.18,57.9,12.91,18.917,19.275,23.3,21.7313,20.053,19.2651,18.8547,20.0,21.0,17.45,17.24,16.59,16.67,14.62
1699256,J112342.19+540647.3 ,170.92578,54.113148,CCCC,9,0.5,1,0.4247032,0,1,0.5040142729703803,0.214056474576194,,4.531,15.21,17.52,11.18,57.9,12.91,19.75,19.81,23.3,21.4181,20.7724,20.8705,21.4,20.0,21.0,17.45,17.24,16.59,16.67,14.62
2747455,J121854.13+501724.3 ,184.72557,50.2901,CCCC,5,0.5,1,0.4569203,0,1,0.5976806422831942,0.2730924183762298,,4.53,15.21,17.52,11.18,57.9,12.91,19.865,19.81,23.3,21.4272,20.83,21.004,21.4,20.0,21.0,17.45,17.24,16.59,16.67,14.62
5112918,J143134.61+503005.5 ,217.89421,50.501537,CCCC,5,0.5,1,0.4464878,0,1,0.43755575379100264,0.19536330588748643,,4.53,15.21,17.52,11.18,57.9,12.91,20.053999,19.81,23.3,21.5666,21.0263,21.093,21.4,20.0,21.0,17.45,17.24,16.59,16.67,14.62
6206893,J133325.28+530702.5 ,203.35536,53.117374,CCCC,6,0.5,1,0.3295434,0,1,0.9834968777872746,0.3241049049954029,,4.528,15.21,17.52,11.18,57.9,12.91,20.040998,19.81,23.3,21.5092,20.9244,20.564,21.4,20.0,21.0,17.45,17.24,16.59,16.67,14.62
1758370,J125552.81+504903.4 ,193.9701,50.817627,CCCC,6,0.5,1,0.3980241,0,1,0.5927743086526789,0.23593846070460472,,4.528,15.21,17.52,11.18,57.9,12.91,20.043,19.81,23.3,21.9078,21.2656,20.9718,21.4,20.0,21.0,17.45,17.24,16.59,16.67,14.62
6010773,J142922.51+474822.3 ,217.3438,47.80621,CCCC,9,0.5,1,0.4047022,0,1,0.44603033006205806,0.18050945584284103,,4.528,15.21,17.52,11.18,57.9,12.91,20.13,19.81,23.3,21.5487,21.0124,21.0118,21.4,20.0,21.0,17.45,17.24,16.59,16.67,14.62
4312291,J122712.24+533239.8 ,186.801,53.544388,CCCC,9,0.5,1,0.3157171,1,1,0.4620874219444886,0.1458889008027903,,4.527,15.21,12.229034,11.18,57.9,12.91,20.048,19.81,23.3,21.708,21.0,20.9357,21.4,20.0,21.0,17.45,17.24,16.59,16.67,14.62
2759703,J110541.47+545200.3 ,166.42278,54.866753,CCCC,5,0.5,1,0.3458064,0,1,0.9817127564670045,0.33948255414793155,,4.525,15.21,17.52,11.18,57.9,12.91,19.92,19.81,23.3,21.5167,20.9312,20.6178,21.4,20.0,21.0,17.45,17.24,16.59,16.67,14.62
5672744,J122750.81+480304.7 ,186.9617,48.051304,CCCC,11,0.5,1,0.4267756,0,1,0.5664585191789229,0.2417506743976963,,4.523,15.21,17.52,11.18,57.9,12.91,19.278,19.593,23.3,21.6511,20.3154,19.5949,19.2768,20.0,21.0,17.45,17.24,16.59,16.67,14.62
5533596,J125900.37+552422.2 ,194.75154,55.406174,CCCC,10,0.5,1,0.3223826,0,1,0.5776092774308381,0.18621118064227493,,4.523,15.21,17.52,11.18,57.9,12.91,19.307,19.67,23.3,21.637,20.2794,19.576,19.2082,20.0,21.0,17.45,17.24,16.59,16.67,14.62
6607813,J113412.91+542836.5 ,173.5538,54.476818,CCCC,5,0.5,1,0.4474815,0,1,0.5976806422831942,0.26745103032984713,,4.522,15.21,17.52,11.18,57.9,12.91,19.942999,19.81,23.3,21.5232,20.9898,20.9581,21.4,20.0,21.0,17.45,17.24,16.59,16.67,14.62
5725672,J112023.74+520144.7 ,170.0989,52.02907,CCCC,5,0.5,1,0.349076,0,1,0.5905441570021139,0.2061447921496699,,4.521,15.21,17.52,11.18,57.9,12.91,20.062,19.81,23.3,21.8502,21.1694,20.9847,21.4,20.0,21.0,17.45,17.24,16.59,16.67,14.62
6088561,J123752.84+500146.4 ,189.47018,50.02958,CCCC,9,0.5,1,0.3580301,0,1,0.6404995539692209,0.22931811935755556,,4.52,15.21,17.52,11.18,57.9,12.91,20.098999,19.81,23.3,21.4881,21.3119,20.5506,21.4,20.0,21.0,17.45,17.24,16.59,16.67,14.62
2651994,J113614.20+462432.4 ,174.05916,46.40902,CCCC,5,0.5,1,0.378159,0,1,0.5254237288131662,0.19869371186425813,,4.518,15.21,17.52,11.18,57.9,12.91,20.057999,19.81,23.3,21.8903,21.2875,20.9973,21.4,20.0,21.0,17.45,17.24,16.59,16.67,14.62
295196,J144919.48+495214.4 ,222.33116,49.87067,CCCC,5,0.5,1,0.4326079,0,1,0.4455842997322179,0.19276328818012534,,4.516,15.21,17.52,11.18,57.9,12.91,19.862999,19.81,23.3,21.4189,20.8802,20.8366,21.4,20.0,21.0,17.45,17.24,16.59,16.67,14.62
4784568,J121539.12+552943.2 ,183.913,55.495342,CCCC,9,0.5,1,0.512138,0,1,0.5887600356818439,0.30152638715402813,,4.515,15.21,17.52,11.18,57.9,12.91,20.060999,19.81,23.3,21.5493,20.9992,21.0903,21.4,20.0,21.0,17.45,17.24,16.59,16.67,14.62
1113242,J110858.99+530757.9 ,167.24577,53.132744,CCCC,6,0.5,1,0.5066732,0,1,0.4295272078497874,0.2176299248883169,,4.514,15.21,17.52,11.18,57.9,12.91,19.828999,19.81,23.3,21.5568,20.9959,20.9962,21.4,20.0,21.0,17.45,17.24,16.59,16.67,14.62
1269990,J140341.22+543954.4 ,210.92175,54.665115,CCCC,9,0.5,1,0.3421338,0,1,0.5169491525421108,0.17686577796601202,,4.512,15.21,17.52,11.18,57.9,12.91,20.13,19.81,23.3,21.6973,21.3588,20.5868,21.4,20.0,21.0,17.45,17.24,16.59,16.67,14.62
5158217,J111938.63+474244.7 ,169.91101,47.712414,CCCC,10,0.5,1,0.5335023,0,1,0.5811775200709235,0.31005954366613386,,4.511,15.21,17.52,11.18,57.9,12.91,19.097,19.407001,23.3,21.6358,20.2624,19.4828,19.1655,20.0,21.0,17.45,17.24,16.59,16.67,14.62
3979008,J132047.52+543138.3 ,200.198,54.527325,CCCC,9,0.5,1,0.3442565,0,1,0.600356824264054,0.2066767390722583,,4.51,15.21,17.52,11.18,57.9,12.91,20.067,19.81,23.3,21.6053,21.3605,20.6024,21.4,20.0,21.0,17.45,17.24,16.59,16.67,14.62
6553025,J113258.03+540032.6 ,173.2418,54.009064,CCCC,9,0.5,1,0.5234998,0,1,0.448260481712623,0.2346642725244618,,4.509,15.21,17.52,11.18,57.9,12.91,19.955,19.81,23.3,21.5397,20.9692,20.9698,21.4,20.0,21.0,17.45,17.24,16.59,16.67,14.62
4444896,J151324.34+522625.8 ,228.3514,52.44052,CCCC,5,0.5,1,0.4003098,0,1,0.5325602140942465,0.21318907279202498,,4.509,15.21,17.52,11.18,57.9,12.91,20.083,19.81,23.3,21.8219,21.1681,20.9793,21.4,20.0,21.0,17.45,17.24,16.59,16.67,14.62
1193183,J124939.85+540344.8 ,192.41603,54.062443,CCCC,9,0.5,1,0.3445518,0,1,0.5967885816230591,0.20562458001767195,,4.508,15.21,17.52,11.18,57.9,12.91,20.13,19.81,23.3,21.6767,21.3636,20.5971,21.4,20.0,21.0,17.45,17.24,16.59,16.67,14.62
5817249,J144950.06+531852.3 ,222.45856,53.31454,CCCC,9,0.5,1,0.3211154,1,1,0.4357716324707326,0.13993298206949228,,4.502,15.21,16.514395,11.18,57.9,12.91,20.011,19.81,23.3,21.6076,21.426,20.8605,21.4,20.0,21.0,17.45,17.24,16.59,16.635,14.62
4751738,J105337.85+515648.2 ,163.40773,51.94672,CCCC,5,0.5,1,0.3218791,0,1,0.44023193577140773,0.14170145927735853,,4.502,15.21,17.52,11.18,57.9,12.91,20.008,19.81,23.3,21.7966,21.1911,20.8968,21.4,20.0,21.0,17.45,17.24,16.59,16.67,14.62
4853800,J121353.59+534350.8 ,183.4733,53.730793,CCCC,9,0.5,1,0.566452,0,1,0.4518287243531631,0.2559392845672979,,4.501,15.21,17.52,11.18,57.9,12.91,19.883,19.81,23.3,21.5469,20.9955,20.9913,21.4,20.0,21.0,17.45,17.24,16.59,16.67,14.62
2868445,J131808.02+524940.6 ,199.53346,52.827946,CCCC,9,0.5,1,0.3309986,0,1,0.5967885816230591,0.1975361850132183,,4.501,15.21,17.52,11.18,57.9,12.91,20.13,19.81,23.3,21.6673,21.3344,20.5956,21.4,20.0,21.0,17.45,17.24,16.59,16.67,14.62
6332888,J114743.92+542712.6 ,176.933,54.453503,CCCC,9,0.5,1,0.3769878,0,1,0.5374665477252165,0.20261833140052438,,4.5,15.21,17.52,11.18,57.9,12.91,19.619999,19.81,23.3,21.331,20.7951,20.7521,21.4,20.0,21.0,17.45,17.24,16.59,16.67,14.62
